"category","favorites","image_count","name","price_raw","product_reviews","seller_name","seller_rating","seller_reviews","tags","url"
,"951","10","Handwoven Rattan Crossbody Bag, Braided Bali Purse","$34.99","2060","SandraBoutiqueIN","4.84","2100",,"https://www.etsy.com/listing/1696303113/brown-rattan-bali-bag-shoulder-bag?click_key=EujdiG4SwyiDgHK9N1Z31yyZC194%3ALTeab77f07ac7a40eb24221b28beb92ea281f29d50&click_sum=334d39a6&ls=a&ga_order=most_relevant&ga_search_type=all&ga_view_type=gallery&ga_search_query=balinese%2Bhandmade&ref=sc_gallery-1-2&pro=1&frs=1&bes=1&sts=1"
,"0","19","Seashell Feather Wall Decor, Tribal Boho Art, Balinese Handmade Accent (21.6"")","Now$242.99","161","ArasBali","4.91","161",,"https://www.etsy.com/listing/4490069984/seashell-feather-wall-decor-tribal-boho?click_key=EujdiG4SwyiDgHK9N1Z31yyZC194%3ALTe244c8b1982c0237cc691a8f47e090a540f2e169&click_sum=80436796&ls=a&ga_order=most_relevant&ga_search_type=all&ga_view_type=gallery&ga_search_query=balinese%2Bhandmade&ref=sc_gallery-1-1&pro=1&local_signal_search=1"
,"951","10","Handwoven Rattan Crossbody Bag, Braided Bali Purse","$34.99","2060","SandraBoutiqueIN","4.84","2100",,"https://www.etsy.com/listing/1696303113/brown-rattan-bali-bag-shoulder-bag?click_key=e83b53c3-6324-4d07-b6ef-faff50fed9ad%3ALTc89efcf3db405e16493e0a11f357cb416cc00d21&click_sum=e41504ca&ls=s&ga_order=most_relevant&ga_search_type=all&ga_view_type=gallery&ga_search_query=balinese%2Bhandmade&ref=sr_gallery-1-1&organic_search_click=1&pro=1&frs=1&bes=1&sts=1&content_source=e83b53c3-6324-4d07-b6ef-faff50fed9ad%253ALTc89efcf3db405e16493e0a11f357cb416cc00d21"
,"3","4","Balinese Paintings on Canvas in the Traditional Balinese Painting Style","Now$275.00","1025","byevansmith","4.91","1000",,"https://www.etsy.com/listing/4477858750/balinese-paintings-on-canvas-in-the?click_key=EuGfLzYpEghi1lMBeuCjad-3bUe3%3ALTc8cfe8a57e9957bccfcc6aaafd204bb68c386481&click_sum=ee2414c2&ls=a&ga_order=most_relevant&ga_search_type=all&ga_view_type=gallery&ga_search_query=balinese&ref=sc_gallery-1-1&frs=1"
,"91","10","Bali Incense Sticks, Handmade Organic Balinese Incense from Indonesia for Everyday Use, Ubud Bali Vibes Indonesia, Natural Gift from Bali","Now$11.20","5202","EverestTrader","4.89","5200",,"https://www.etsy.com/listing/1860149245/bali-incense-sticks-handmade-organic?click_key=EuGfLzYpEghi1lMBeuCjad-3bUe3%3ALT91790c7a7a775682c5fca8956a23c5031751a107&click_sum=6f954f09&ls=a&ga_order=most_relevant&ga_search_type=all&ga_view_type=gallery&ga_search_query=balinese&ref=sc_gallery-1-2&pro=1&sts=1"
,"647","3","Bali Envelope Rattan Clutch, Cellphone Bag, Woman purse, Wicker Bag, Straw Bag, Ata Vine Handbag, Handmade in Bali","$89.00","8544","GanapatiCraftsCo","4.96","8500",,"https://www.etsy.com/listing/1876874359/bali-envelope-rattan-clutch-cellphone?click_key=e83b53c3-6324-4d07-b6ef-faff50fed9ad%3ALT729ebeb80da33e204b8fb260b957be23b3fa5515&click_sum=19d61e47&ls=s&ga_order=most_relevant&ga_search_type=all&ga_view_type=gallery&ga_search_query=balinese%2Bhandmade&ref=sr_gallery-1-2&organic_search_click=1&frs=1&content_source=e83b53c3-6324-4d07-b6ef-faff50fed9ad%253ALT729ebeb80da33e204b8fb260b957be23b3fa5515"
,"49","11","Handwoven Jute Leather Crossbody Bag | Boho Summer Top Handle Handbag","Now$144.75","27","LineaLoomHome","4.4","27",,"https://www.etsy.com/listing/4476132753/handwoven-jute-leather-crossbody-bag?click_key=EujdiG4SwyiDgHK9N1Z31yyZC194%3ALTd26d437d58dbd0a54232cb60562edba2c8761923&click_sum=0fe93715&ls=a&ga_order=most_relevant&ga_search_type=all&ga_view_type=gallery&ga_search_query=balinese%2Bhandmade&ref=sc_gallery-1-3&pro=1&frs=1"
,"1194","8","Large Balinese Lotus Wall Art, Brown Carved Wood Art 76” Boho King Bed Headboard, Teak Wood Wall Hanging, Home Decor Statement Art Panel","$531.00","209","SiamSawadeeDecor","4.79","209",,"https://www.etsy.com/listing/1828073153/large-balinese-lotus-wall-art-brown?click_key=b2907c73-dddf-4d02-a981-5e57057dbf46%3ALT1d8bf5f9cd4ed682623dd50821ee1da7d03186b3&click_sum=e6437232&ls=s&ga_order=most_relevant&ga_search_type=all&ga_view_type=gallery&ga_search_query=balinese&ref=sr_gallery-1-1&organic_search_click=1&pro=1&pop=1&sts=1&content_source=b2907c73-dddf-4d02-a981-5e57057dbf46%253ALT1d8bf5f9cd4ed682623dd50821ee1da7d03186b3"
,"91","10","Bali Incense Sticks, Handmade Organic Balinese Incense from Indonesia for Everyday Use, Ubud Bali Vibes Indonesia, Natural Gift from Bali","Now$11.20","5202","EverestTrader","4.89","5200",,"https://www.etsy.com/listing/1860149245/bali-incense-sticks-handmade-organic?click_key=b2907c73-dddf-4d02-a981-5e57057dbf46%3ALT8ae825c3a4dbd75188f2abe9c0b15e7ce04b4fad&click_sum=49b89bb8&ls=s&ga_order=most_relevant&ga_search_type=all&ga_view_type=gallery&ga_search_query=balinese&ref=sr_gallery-1-2&organic_search_click=1&pro=1&sts=1&content_source=b2907c73-dddf-4d02-a981-5e57057dbf46%253ALT8ae825c3a4dbd75188f2abe9c0b15e7ce04b4fad"
,"608","10","Crochet Raffia Purse - Natural Crossbody Handbag, Handwoven Summer Straw Bag, Wicker Handmade Purse Bag, Chic & Stylish Accessory Gifts","Now$120.95+","85","HNFhandmadeknitwear","4.82","85",,"https://www.etsy.com/listing/1739921521/crochet-raffia-purse-natural-crossbody?click_key=EujdiG4SwyiDgHK9N1Z31yyZC194%3ALT7cf6d4eda56201bd4b8f123cd4f22aff8200097d&click_sum=8d8ff774&ls=a&ga_order=most_relevant&ga_search_type=all&ga_view_type=gallery&ga_search_query=balinese%2Bhandmade&ref=sc_gallery-1-4&pro=1&frs=1&etp=1"
,"55","8","Balinese Garuda Brass Statue with Deepam Lamps - Vishnu's Vahana","$229.00","58","LotusSculptureShop","4.96","58",,"https://www.etsy.com/listing/1706596965/balinese-garuda-brass-statue-with-deepam?click_key=EuGfLzYpEghi1lMBeuCjad-3bUe3%3ALT83550b2567fe7193bd66f35fc79eaf6b3583f93c&click_sum=c4837342&ls=a&ga_order=most_relevant&ga_search_type=all&ga_view_type=gallery&ga_search_query=balinese&ref=sc_gallery-1-3&frs=1&cns=1"
,"1194","8","Large Balinese Lotus Wall Art, Brown Carved Wood Art 76” Boho King Bed Headboard, Teak Wood Wall Hanging, Home Decor Statement Art Panel","$531.00","209","SiamSawadeeDecor","4.79","209",,"https://www.etsy.com/listing/1828073153/large-balinese-lotus-wall-art-brown?click_key=EuGfLzYpEghi1lMBeuCjad-3bUe3%3ALTdefed79a81a54ae9e139e8fd17b5f9815e2aa675&click_sum=fc624370&ls=a&ga_order=most_relevant&ga_search_type=all&ga_view_type=gallery&ga_search_query=balinese&ref=sc_gallery-1-4&pro=1&pop=1&sts=1"
,"3","4","Balinese Paintings on Canvas in the Traditional Balinese Painting Style","Now$275.00","1025","byevansmith","4.91","1000",,"https://www.etsy.com/listing/4477858750/balinese-paintings-on-canvas-in-the?click_key=Eu4FCRFXLDf35-QaTKnDHr4ppeb9%3ALTcb751b153da1345df24a0989fa009c6623c2954d&click_sum=46f7a795&ls=a&ga_order=most_relevant&ga_search_type=all&ga_view_type=gallery&ga_search_query=balinese+decor&ref=sc_gallery-1-1&frs=1"
,"55","8","Balinese Garuda Brass Statue with Deepam Lamps - Vishnu's Vahana","$229.00","58","LotusSculptureShop","4.96","58",,"https://www.etsy.com/listing/1706596965/balinese-garuda-brass-statue-with-deepam?click_key=Eu4FCRFXLDf35-QaTKnDHr4ppeb9%3ALT5b09ca2d5fcba95c19c7957a9f434e2fb87cc14b&click_sum=cffa18cb&ls=a&ga_order=most_relevant&ga_search_type=all&ga_view_type=gallery&ga_search_query=balinese+decor&ref=sc_gallery-1-2&frs=1&cns=1"
,"17","6","Handmade Bamboo Boxes with shells: Balinese Keepsake Box Set","$46.98+","184","BaliLivingBoutique","4.96","184",,"https://www.etsy.com/listing/4464561937/handmade-bamboo-boxes-with-shells?click_key=9bd4a229-5763-4a54-ab88-910619171ea5%3ALTc59a50a2ab624a44219cd0fc7f64459b31101a7e&click_sum=99496a05&ls=s&ga_order=most_relevant&ga_search_type=all&ga_view_type=gallery&ga_search_query=balinese+decor&ref=sr_gallery-1-1&organic_search_click=1&content_source=9bd4a229-5763-4a54-ab88-910619171ea5%253ALTc59a50a2ab624a44219cd0fc7f64459b31101a7e"
,"1194","8","Large Balinese Lotus Wall Art, Brown Carved Wood Art 76” Boho King Bed Headboard, Teak Wood Wall Hanging, Home Decor Statement Art Panel","$531.00","209","SiamSawadeeDecor","4.79","209",,"https://www.etsy.com/listing/1828073153/large-balinese-lotus-wall-art-brown?click_key=9bd4a229-5763-4a54-ab88-910619171ea5%3ALT659773280112da52f746401cea7a419e1537f2cf&click_sum=36421ac5&ls=s&ga_order=most_relevant&ga_search_type=all&ga_view_type=gallery&ga_search_query=balinese+decor&ref=sr_gallery-1-2&organic_search_click=1&pro=1&pop=1&sts=1&content_source=9bd4a229-5763-4a54-ab88-910619171ea5%253ALT659773280112da52f746401cea7a419e1537f2cf"
,"906","10","MOROCCAN CARVED DOOR, Artwork Handcrafted Wood Door, Personalized Moroccan Door, Decorative Berber Exterior Door, Bohemian Double Panel Door","Now$1,778.70+","559","Mohandicraft","4.91","559",,"https://www.etsy.com/listing/1709219819/moroccan-carved-door-artwork-handcrafted?click_key=Eu4FCRFXLDf35-QaTKnDHr4ppeb9%3ALTb37e373dd8e1e6c11d4e824222387d9807233a78&click_sum=7800d3a1&ls=a&ga_order=most_relevant&ga_search_type=all&ga_view_type=gallery&ga_search_query=balinese+decor&ref=sc_gallery-1-3&pro=1&frs=1&cns=1&sts=1"
,"11","5","Balinese dancer, made of Waru wood, carving is exceptional.  measures 19” tall x 5” wide. Indonesian dancer mask.  piece of art.","$99.00","218","GildedHummingbird","4.95","218",,"https://www.etsy.com/listing/4374130717/balinese-dancer-made-of-waru-wood?click_key=Eu4FCRFXLDf35-QaTKnDHr4ppeb9%3ALT3efb6ee23238bbb117bfe0652921d76cd55dfa84&click_sum=b20d1b04&ls=a&ga_order=most_relevant&ga_search_type=all&ga_view_type=gallery&ga_search_query=balinese+decor&ref=sc_gallery-1-4&cns=1"
,"3","4","Balinese Paintings on Canvas in the Traditional Balinese Painting Style","Now$275.00","1025","byevansmith","4.91","1000",,"https://www.etsy.com/listing/4477858750/balinese-paintings-on-canvas-in-the?click_key=Eu9WwfpYLc3gfj0ou4pRW8HXT0ba%3ALT4990ba5f8f43759151b6b7aa0dd85e1a35b9c385&click_sum=ff4a4c22&ls=a&ga_order=most_relevant&ga_search_type=all&ga_view_type=gallery&ga_search_query=balinese+art&ref=sc_gallery-1-1&frs=1"
,"4","10","Bali Rice Terraces Print | Serene Indonesia Landscape Photography","$49.34+","24","EllieroseWallArt","4.77","24",,"https://www.etsy.com/listing/4448990436/bali-rice-fields-wall-art-indonesia?click_key=Eu9WwfpYLc3gfj0ou4pRW8HXT0ba%3ALT34d2eeb6bd72e13724773aaa37eec83357555435&click_sum=20e0b13c&ls=a&ga_order=most_relevant&ga_search_type=all&ga_view_type=gallery&ga_search_query=balinese+art&ref=sc_gallery-1-2&pro=1&frs=1&sts=1"
,"1194","8","Large Balinese Lotus Wall Art, Brown Carved Wood Art 76” Boho King Bed Headboard, Teak Wood Wall Hanging, Home Decor Statement Art Panel","$531.00","209","SiamSawadeeDecor","4.79","209",,"https://www.etsy.com/listing/1828073153/large-balinese-lotus-wall-art-brown?click_key=ca9c44ea-bd13-4c27-b195-b0ca66f2439e%3ALT5104680bcd94ed2f0e083307d01e008a168d385c&click_sum=319846a2&ls=s&ga_order=most_relevant&ga_search_type=all&ga_view_type=gallery&ga_search_query=balinese+art&ref=sr_gallery-1-1&organic_search_click=1&pro=1&pop=1&sts=1&content_source=ca9c44ea-bd13-4c27-b195-b0ca66f2439e%253ALT5104680bcd94ed2f0e083307d01e008a168d385c"
,"735","6","sterling silver bali chain","$100.25+","468","Jewellerytreasureinc","4.74","468",,"https://www.etsy.com/listing/457522474/sterling-silver-bali-chain?click_key=EubRLt-DcVSo-jmGj9zGZpFJl53a%3ALTc062657a23cda278380c1ec631e0dcbd9d2dbba8&click_sum=8598bc2e&ls=a&ga_order=most_relevant&ga_search_type=all&ga_view_type=gallery&ga_search_query=balinese+jewelry&ref=sc_gallery-1-1&frs=1"
,"323","10","Handmade Sterling Silver Byzantine Chain: Balinese Viking Style","Now$99.08+","10477","BigJeweler","4.83","10500",,"https://www.etsy.com/listing/1615192471/handmade-sterling-silver-byzantine-chain?click_key=EubRLt-DcVSo-jmGj9zGZpFJl53a%3ALTf593120a6ed81d5746155f7b871e17e335c4cef3&click_sum=a3a05429&ls=a&ga_order=most_relevant&ga_search_type=all&ga_view_type=gallery&ga_search_query=balinese+jewelry&ref=sc_gallery-1-2&pro=1&frs=1&sts=1"
,"4053","14","Handmade chaise lounge, Luxury bedroom decor, Window front seat, Soft cushioned bench, Unique lounge bench, Modern long chair with backrest","$585.00","1009","RugRise","4.7","1000",,"https://www.etsy.com/listing/1872741923/handmade-chaise-lounge-luxury-bedroom?click_key=Eu6FzDLTsGmV3znRistJvYj7Tk18%3ALT381d72bff9581593add0ca544e8ef5e8583dd30f&click_sum=dbd176c1&ls=a&ga_order=most_relevant&ga_search_type=all&ga_view_type=gallery&ga_search_query=balinese+furniture&ref=sc_gallery-1-1&pro=1&frs=1&etp=1"
,"35","13","Vishnu Garuda Panel 18.9 inch, Cempaka Wood Carving , Balinese Handmade Wall Art, gift","$323.99","161","ArasBali","4.91","161",,"https://www.etsy.com/listing/1259572128/wall-decor-garuda-vishnu-189-inch-wood?click_key=EuDguv8dN-Wy3yOMsa70E1qfqE2c%3ALT11ca72a6e40635de7e83478ae61f967c9aa71ac8&click_sum=c54b3baa&ls=a&ga_order=most_relevant&ga_search_type=all&ga_view_type=gallery&ga_search_query=balinese%2Bhandmade&ref=sc_gallery-2-1&pro=1&cns=1&local_signal_search=1"
,"3059","12","Hand Carved Moroccan Wood Coffee Table, Artisan Bois Rouge Square Low Table, Rustic Luxury Living Room Decor | Mohandicrafts","Now$478.10+","559","Mohandicraft","4.91","559",,"https://www.etsy.com/listing/1599535457/moroccan-custom-made-sofa-table-wooden?click_key=Eu6FzDLTsGmV3znRistJvYj7Tk18%3ALT974d8ff3eff810850cc0775165e121bed198e3a8&click_sum=b010bc3d&ls=a&ga_order=most_relevant&ga_search_type=all&ga_view_type=gallery&ga_search_query=balinese+furniture&ref=sc_gallery-1-2&pro=1&frs=1&cns=1&sts=1"
,"38","6","Handmade Celadon Elephant Teapot: Balinese handmade Pottery with Rattan Handle","$59.95","2751","acadiaworldtraders2","4.93","2800",,"https://www.etsy.com/listing/1307384412/handmade-celadon-elephant-teapot?click_key=EuDguv8dN-Wy3yOMsa70E1qfqE2c%3ALTa485dcb130627dfe12dd9b49529e7c7b6331bf90&click_sum=c45193e7&ls=a&ga_order=most_relevant&ga_search_type=all&ga_view_type=gallery&ga_search_query=balinese%2Bhandmade&ref=sc_gallery-2-2&frs=1&sts=1"
,"0","6","Bambalina Hand-Painted Handmade Custom Doll","$179.00","0","BambalinaClothing",,"0",,"https://www.etsy.com/listing/1661741308/bambalina-hand-painted-handmade-custom?click_key=7637d816-c7d9-4de5-8071-7903acb21760%3ALT69af1c32e5a2a8ba41902b216bc2b0300a8b51ad&click_sum=8e689ab5&ls=s&ga_order=most_relevant&ga_search_type=all&ga_view_type=gallery&ga_search_query=balinese%2Bhandmade&ref=sr_gallery-2-1&organic_search_click=1&content_source=7637d816-c7d9-4de5-8071-7903acb21760%253ALT69af1c32e5a2a8ba41902b216bc2b0300a8b51ad"
,"171","18","Dan Strap Moroccan Straw Bag: Handmade Woven Boho Market Tote","$44.32+","64","BestHandmadeTM","4.62","64",,"https://www.etsy.com/listing/4397946440/dan-strap-moroccan-straw-bag-handmade?click_key=7637d816-c7d9-4de5-8071-7903acb21760%3ALTb558062884b81263dc35285e141eeb3064518497&click_sum=0c044066&ls=s&ga_order=most_relevant&ga_search_type=all&ga_view_type=gallery&ga_search_query=balinese%2Bhandmade&ref=sr_gallery-2-2&organic_search_click=1&pro=1&pop=1&content_source=7637d816-c7d9-4de5-8071-7903acb21760%253ALTb558062884b81263dc35285e141eeb3064518497"
,"7","17","Amethyst Sterling Silver Ornate Earrings, Balinese Handmade Jewelry (1.4"" Height)","Now$50.99","63","SanSanJewelryID","4.88","63",,"https://www.etsy.com/listing/1228156249/amethyst-sterling-silver-ornate-earrings?click_key=EuDguv8dN-Wy3yOMsa70E1qfqE2c%3ALT94fe0d5bf1d05bbbce1c83978402d763a958d098&click_sum=873e2df5&ls=a&ga_order=most_relevant&ga_search_type=all&ga_view_type=gallery&ga_search_query=balinese%2Bhandmade&ref=sc_gallery-2-3&pro=1&local_signal_search=1"
,"13","10","BC#129 | Balinese Handmade Sterling Silver Red Garnet Bracelet Cuff | Silver Gemstone Bracelet Cuff | Dainty Small Red Garnet Cuff Bracelet","$166.00","7420","UnforgetSilver","4.9","7400",,"https://www.etsy.com/listing/1516790782/bc129-balinese-handmade-sterling-silver?click_key=EuDguv8dN-Wy3yOMsa70E1qfqE2c%3ALT4ded33a2c0b87d17569d1b1e9811195b79046638&click_sum=a6a22bbf&ls=a&ga_order=most_relevant&ga_search_type=all&ga_view_type=gallery&ga_search_query=balinese%2Bhandmade&ref=sc_gallery-2-4&frs=1&etp=1"
,"195","11","Traditional Balinese Lotus Sarong Batik, Made in Indonesia, Bali Fabric","Now$31.20","5202","EverestTrader","4.89","5200",,"https://www.etsy.com/listing/1898917361/traditional-balinese-lotus-sarong-batik?click_key=Eu1MW3g3GrJh66Fln8u_-l63qrde%3ALTec7d8ec1da84e37911f02ae28e7179273de27615&click_sum=c980675c&ls=a&ga_order=most_relevant&ga_search_type=all&ga_view_type=gallery&ga_search_query=balinese&ref=sc_gallery-2-1&pro=1&frs=1&sts=1"
,"5","8","Vintage Balinese Carved Elephant Vase • Suar Wood Jungle Relief • 26cm Mid‑Century Indonesian Art","Now$46.48","16","SignsofNewTimes","4.76","16",,"https://www.etsy.com/listing/4465987860/vintage-balinese-carved-elephant-vase?click_key=fa0aa660-96f3-41af-9d0e-0c15917a4406%3ALT1682ee6418b0a4496e7f1f7b2659945265902567&click_sum=79d291fa&ls=s&ga_order=most_relevant&ga_search_type=all&ga_view_type=gallery&ga_search_query=balinese&ref=sr_gallery-2-1&organic_search_click=1&pro=1&cns=1&content_source=fa0aa660-96f3-41af-9d0e-0c15917a4406%253ALT1682ee6418b0a4496e7f1f7b2659945265902567"
,"118","9","Balinese golden Lotus Motif Panel architectural Relief Wood Carving Bali wall Art teal 60""","$398.00","2751","acadiaworldtraders2","4.93","2800",,"https://www.etsy.com/listing/1087990261/balinese-golden-lotus-motif-panel?click_key=Eu1MW3g3GrJh66Fln8u_-l63qrde%3ALT71b3a3614f727cd2a33aa82343642fc197ff3efc&click_sum=c8049825&ls=a&ga_order=most_relevant&ga_search_type=all&ga_view_type=gallery&ga_search_query=balinese&ref=sc_gallery-2-2&frs=1&cns=1&sts=1"
,"97","10","a Wonderful Middle Size Old Beautiful Pattern Painting from Bali Indonesia with very nice carved wooden Frame- Signed","$181.83","1187","ArtVanHolland","4.97","1200",,"https://www.etsy.com/listing/1800266168/a-wonderful-middle-size-old-beautiful?click_key=fa0aa660-96f3-41af-9d0e-0c15917a4406%3ALT405fb3d4b1c2573c588cb5d96d29733ed93ab8d1&click_sum=d037865d&ls=s&ga_order=most_relevant&ga_search_type=all&ga_view_type=gallery&ga_search_query=balinese&ref=sr_gallery-2-2&organic_search_click=1&content_source=fa0aa660-96f3-41af-9d0e-0c15917a4406%253ALT405fb3d4b1c2573c588cb5d96d29733ed93ab8d1"
,"1217","8","18K Gold Vermeil Rainbow Moonstone Necklace: Balinese Style Artisan Pendant—JOHANNA","$410.00+","876","BluemoonstoneJewel","4.98","876",,"https://www.etsy.com/listing/977692658/18k-gold-vermeil-rainbow-moonstone?click_key=Eu1MW3g3GrJh66Fln8u_-l63qrde%3ALT9b9bb241d930d74e52e0d1a9209a06dda396db1f&click_sum=bb4b58e4&ls=a&ga_order=most_relevant&ga_search_type=all&ga_view_type=gallery&ga_search_query=balinese&ref=sc_gallery-2-3&frs=1&sca=1&sts=1"
,"8","10","Large Bali Legong Statue - 71cm Vintage Hand-Painted Wood Carving - Gilded Balinese Dancer - Mid-Century Folk Art - Indonesian Sculpture","$219.67","7","MBKunstKontor","5","7",,"https://www.etsy.com/listing/4351948317/large-hand-carved-balinese-legong-dancer?click_key=Eu1MW3g3GrJh66Fln8u_-l63qrde%3ALTe42c6834a34b954170f035401d688b857efc0bf8&click_sum=de2f13ea&ls=a&ga_order=most_relevant&ga_search_type=all&ga_view_type=gallery&ga_search_query=balinese&ref=sc_gallery-2-4&cns=1"
,"91","10","Bali Incense Sticks, Handmade Organic Balinese Incense from Indonesia for Everyday Use, Ubud Bali Vibes Indonesia, Natural Gift from Bali","Now$11.20","5202","EverestTrader","4.89","5200",,"https://www.etsy.com/listing/1860149245/bali-incense-sticks-handmade-organic?click_key=65d8ac2d-45e0-46db-b198-fb99f1a6b200%3ALT6c3f47f4fdf88f7860a2388b76e0f5a8c45309ff&click_sum=918eea3b&ls=s&ga_order=most_relevant&ga_search_type=all&ga_view_type=gallery&ga_search_query=balinese+product&ref=sr_gallery-1-1&organic_search_click=1&pro=1&sts=1&content_source=65d8ac2d-45e0-46db-b198-fb99f1a6b200%253ALT6c3f47f4fdf88f7860a2388b76e0f5a8c45309ff"
,"307","9","Solid 925 Sterling Silver Balinese Chains, Necklace or Bracelet – Handmade in Bali, Oxidized Unisex Jewelry, Unique Gift for Men & Women","$56.25+","15996","RenegadeJewelryStore","4.91","16000",,"https://www.etsy.com/listing/1542097078/solid-925-sterling-silver-balinese?click_key=a9f0a978-6fae-4ed7-931c-fdff5c261dec%3ALTa81cf88e3d170b11cfd0721ce4b38d6819685bf1&click_sum=c24ddadb&ls=s&ga_order=most_relevant&ga_search_type=all&ga_view_type=gallery&ga_search_query=balinese+jewelry&ref=sr_gallery-1-1&organic_search_click=1&pro=1&frs=1&sts=1&content_source=a9f0a978-6fae-4ed7-931c-fdff5c261dec%253ALTa81cf88e3d170b11cfd0721ce4b38d6819685bf1"
,"1194","8","Large Balinese Lotus Wall Art, Brown Carved Wood Art 76” Boho King Bed Headboard, Teak Wood Wall Hanging, Home Decor Statement Art Panel","$531.00","209","SiamSawadeeDecor","4.79","209",,"https://www.etsy.com/listing/1828073153/large-balinese-lotus-wall-art-brown?click_key=075a4c9f-4ee6-4351-8b8b-637b21a92fe2%3ALT6830ddbbef0d0b099b1c460ee9c4a25740397c1c&click_sum=9ea60fa9&ls=s&ga_order=most_relevant&ga_search_type=all&ga_view_type=gallery&ga_search_query=balinese+furniture&ref=sr_gallery-1-1&organic_search_click=1&pro=1&pop=1&sts=1&content_source=075a4c9f-4ee6-4351-8b8b-637b21a92fe2%253ALT6830ddbbef0d0b099b1c460ee9c4a25740397c1c"
,"29","6","Balinese Two-Frog Pendant Necklace: 925 Sterling Silver, 18K Gold","$148.77","127","LetungSilverStore","4.85","127",,"https://www.etsy.com/listing/1880223556/balinese-two-frog-pendant-necklace-925?click_key=EubRLt-DcVSo-jmGj9zGZpFJl53a%3ALT8e36a858fc58a223b8b499b4fbb147b1e96f4d80&click_sum=c4e8cf2a&ls=a&ga_order=most_relevant&ga_search_type=all&ga_view_type=gallery&ga_search_query=balinese+jewelry&ref=sc_gallery-1-4&frs=1&local_signal_search=1"
,"20","7","Choose One! Vintage Indonesian Wooden Wall Masks, Hand-Carved Balinese & Javanese Folk Art","$32.00","509","SecondSongHomestead","4.97","509",,"https://www.etsy.com/listing/4457459951/choose-one-vintage-indonesian-wooden?click_key=d1296fad-e88b-4bec-9f07-0b4b517d3beb%3ALT68de816650102b04e0fcde74c5c7d1026a4f1f18&click_sum=891e4c19&ls=s&ga_order=most_relevant&ga_search_type=all&ga_view_type=gallery&ga_search_query=balinese+mask&ref=sr_gallery-1-4&organic_search_click=1&sts=1&content_source=d1296fad-e88b-4bec-9f07-0b4b517d3beb%253ALT68de816650102b04e0fcde74c5c7d1026a4f1f18"
,"26","13","Hand Carved Cempaka Wood Balinese Tropical Scenery Wall Hanging Decor","$269.99","161","ArasBali","4.91","161",,"https://www.etsy.com/listing/1605276587/wooden-tropical-balinese-scenery-wall?click_key=EuKcjBc6l5HNXhFJIJyupPBk7G60%3ALTd57e9ff98a39f69c92f9837df5a3dbf8d4ac5695&click_sum=15063011&ls=a&ga_order=most_relevant&ga_search_type=all&ga_view_type=gallery&ga_search_query=balinese+product&ref=sc_gallery-1-4&pro=1&cns=1&local_signal_search=1"
,"514","7","Balinese Garuda Mask | Hindu Eagle Mask | Hand Carved Wood Bali Folk Art Guardian","$149.00","2751","acadiaworldtraders2","4.93","2800",,"https://www.etsy.com/listing/1083496003/balinese-garuda-mask-hindu-eagle-mask?click_key=EuverqObemztUawghLvA_EtjKaa7%3ALT9f18abecdf17f67796962484cba3f0fe0bbe5a7f&click_sum=0d6266e8&ls=a&ga_order=most_relevant&ga_search_type=all&ga_view_type=gallery&ga_search_query=balinese+mask&ref=sc_gallery-1-2&frs=1&sts=1"
,"91","10","Bali Incense Sticks, Handmade Organic Balinese Incense from Indonesia for Everyday Use, Ubud Bali Vibes Indonesia, Natural Gift from Bali","Now$11.20","5202","EverestTrader","4.89","5200",,"https://www.etsy.com/listing/1860149245/bali-incense-sticks-handmade-organic?click_key=EuKcjBc6l5HNXhFJIJyupPBk7G60%3ALT7732f9b2df075f2699aa9929a5024b4f6bb4cb60&click_sum=b6072adb&ls=a&ga_order=most_relevant&ga_search_type=all&ga_view_type=gallery&ga_search_query=balinese+product&ref=sc_gallery-1-3&pro=1&sts=1"
,"1194","8","Large Balinese Lotus Wall Art, Brown Carved Wood Art 76” Boho King Bed Headboard, Teak Wood Wall Hanging, Home Decor Statement Art Panel","$531.00","209","SiamSawadeeDecor","4.79","209",,"https://www.etsy.com/listing/1828073153/large-balinese-lotus-wall-art-brown?click_key=Eu6FzDLTsGmV3znRistJvYj7Tk18%3ALTeae43878b77a5688d6337126e969dab734c3214c&click_sum=7ddfc2a0&ls=a&ga_order=most_relevant&ga_search_type=all&ga_view_type=gallery&ga_search_query=balinese+furniture&ref=sc_gallery-1-3&pro=1&pop=1&sts=1"
,"17","6","Handmade Bamboo Boxes with shells: Balinese Keepsake Box Set","$46.98+","184","BaliLivingBoutique","4.96","184",,"https://www.etsy.com/listing/4464561937/handmade-bamboo-boxes-with-shells?click_key=65d8ac2d-45e0-46db-b198-fb99f1a6b200%3ALT48c4f80886e7276b322d3a027a4dfd72d67b11ef&click_sum=a4ecc683&ls=s&ga_order=most_relevant&ga_search_type=all&ga_view_type=gallery&ga_search_query=balinese+product&ref=sr_gallery-1-2&organic_search_click=1&content_source=65d8ac2d-45e0-46db-b198-fb99f1a6b200%253ALT48c4f80886e7276b322d3a027a4dfd72d67b11ef"
,"11","5","Balinese dancer, made of Waru wood, carving is exceptional.  measures 19” tall x 5” wide. Indonesian dancer mask.  piece of art.","$99.00","218","GildedHummingbird","4.95","218",,"https://www.etsy.com/listing/4374130717/balinese-dancer-made-of-waru-wood?click_key=EuverqObemztUawghLvA_EtjKaa7%3ALTfd94dfb00ae63e494e67231d5330f5ba88326477&click_sum=ab6c6261&ls=a&ga_order=most_relevant&ga_search_type=all&ga_view_type=gallery&ga_search_query=balinese+mask&ref=sc_gallery-1-1&cns=1"
,"0","3","Vintage Rangda Balinese Indonsian Mask","$75.00","5","GrandmasSecondChance","5","5",,"https://www.etsy.com/listing/4489981061/vintage-rangda-balinese-indonsian-mask?click_key=d1296fad-e88b-4bec-9f07-0b4b517d3beb%3ALTf2b426b885b988d6925af7d2a25c7ba70c2a4efe&click_sum=4bed1613&ls=s&ga_order=most_relevant&ga_search_type=all&ga_view_type=gallery&ga_search_query=balinese+mask&ref=sr_gallery-1-2&organic_search_click=1&frs=1&sts=1&content_source=d1296fad-e88b-4bec-9f07-0b4b517d3beb%253ALTf2b426b885b988d6925af7d2a25c7ba70c2a4efe"
,"68","3","Handcarved Solidwood Furniture, Carving Furniture, Mango Wood Hand Carved Sideboard with Floral Motifs, Rustic Mango Wood Floral Cabinet","$1,961.25+","36","HOJFurniture","4.87","36",,"https://www.etsy.com/listing/4411632931/handcarved-solidwood-furniture-carving?click_key=Eu6FzDLTsGmV3znRistJvYj7Tk18%3ALT1069a12f3b1745cc75d5eccc0e375cf07749ef5a&click_sum=ee543bc1&ls=a&ga_order=most_relevant&ga_search_type=all&ga_view_type=gallery&ga_search_query=balinese+furniture&ref=sc_gallery-1-4&pro=1&frs=1&cns=1&sts=1"
,"68","5","Rangda Balinese Mask | FLAT Mask Printed from Hand-Painted Design with 3D Effect & Strap for Festivals, Parties, Costumes","$28.47","24","MaskPaskOfficial","2.71","24",,"https://www.etsy.com/listing/1870771437/rangda-balinese-mask-flat-mask-printed?click_key=d1296fad-e88b-4bec-9f07-0b4b517d3beb%3ALTd001c1e9c07dd26d8c75d36b33cb2349fe71df17&click_sum=a6fb8922&ls=s&ga_order=most_relevant&ga_search_type=all&ga_view_type=gallery&ga_search_query=balinese+mask&ref=sr_gallery-1-3&organic_search_click=1&content_source=d1296fad-e88b-4bec-9f07-0b4b517d3beb%253ALTd001c1e9c07dd26d8c75d36b33cb2349fe71df17"
,"3","11","Hand Carved Wood Nesting Tables Set of 2 Balinese Style Floral Relief Design","$125.00","178","behindthecreakydoor","4.75","178",,"https://www.etsy.com/listing/4479711562/hand-carved-wood-nesting-tables-set-of-2?click_key=075a4c9f-4ee6-4351-8b8b-637b21a92fe2%3ALTe641358c565047a8aa4a20a279569b45e63e9da5&click_sum=ad034348&ls=s&ga_order=most_relevant&ga_search_type=all&ga_view_type=gallery&ga_search_query=balinese+furniture&ref=sr_gallery-1-2&organic_search_click=1&cns=1&content_source=075a4c9f-4ee6-4351-8b8b-637b21a92fe2%253ALTe641358c565047a8aa4a20a279569b45e63e9da5"
,"13","9","Byzantine Chain Bracelet Silver Tone | Geometric Link Bracelet • Balinese Style Jewelry • Toggle Clasp Bracelet","Now$11.20","9","EverluxeArts","4.9","9",,"https://www.etsy.com/listing/4474799409/byzantine-chain-bracelet-silver-tone-o?click_key=a9f0a978-6fae-4ed7-931c-fdff5c261dec%3ALT7c7ac3497392e953f5536d47cd4a49eb94bb0f8f&click_sum=5b55448d&ls=s&ga_order=most_relevant&ga_search_type=all&ga_view_type=gallery&ga_search_query=balinese+jewelry&ref=sr_gallery-1-2&organic_search_click=1&pro=1&content_source=a9f0a978-6fae-4ed7-931c-fdff5c261dec%253ALT7c7ac3497392e953f5536d47cd4a49eb94bb0f8f"
,"0","9","Balinese Vintage hand carved abstract woman in excellent vintage condition","$98.55","122","Billybucksplace","4.89","122",,"https://www.etsy.com/listing/4496857664/balinese-vintage-hand-carved-abstract?click_key=ca9c44ea-bd13-4c27-b195-b0ca66f2439e%3ALT5e90008e0850d69472a855c5648fbc53ff7c3ea7&click_sum=01c27037&ls=s&ga_order=most_relevant&ga_search_type=all&ga_view_type=gallery&ga_search_query=balinese+art&ref=sr_gallery-1-2&organic_search_click=1&content_source=ca9c44ea-bd13-4c27-b195-b0ca66f2439e%253ALT5e90008e0850d69472a855c5648fbc53ff7c3ea7"
,"3","4","Balinese Paintings on Canvas in the Traditional Balinese Painting Style","Now$275.00","1025","byevansmith","4.91","1000",,"https://www.etsy.com/listing/4477858750/balinese-paintings-on-canvas-in-the?click_key=EuKcjBc6l5HNXhFJIJyupPBk7G60%3ALTcf53e8003ffa4fba4bcbde86da566a5f78417d4c&click_sum=7114d62a&ls=a&ga_order=most_relevant&ga_search_type=all&ga_view_type=gallery&ga_search_query=balinese+product&ref=sc_gallery-1-1&frs=1"
,"210","10","Balinese Mask Three Eyed Demon Rakshasa | Carved Bali Folk Art Mask | Wood Carving Red","$98.00","2751","acadiaworldtraders2","4.93","2800",,"https://www.etsy.com/listing/1599839224/balinese-mask-three-eyed-demon-rakshasa?click_key=d1296fad-e88b-4bec-9f07-0b4b517d3beb%3ALT00313036ab958f56d2135404bae319693925ee88&click_sum=8a5745af&ls=s&ga_order=most_relevant&ga_search_type=all&ga_view_type=gallery&ga_search_query=balinese+mask&ref=sr_gallery-1-1&organic_search_click=1&frs=1&sts=1&content_source=d1296fad-e88b-4bec-9f07-0b4b517d3beb%253ALT00313036ab958f56d2135404bae319693925ee88"
,"118","9","Balinese golden Lotus Motif Panel architectural Relief Wood Carving Bali wall Art teal 60""","$398.00","2751","acadiaworldtraders2","4.93","2800",,"https://www.etsy.com/listing/1087990261/balinese-golden-lotus-motif-panel?click_key=EuYrX1KmPiO3YfKTcaRUTOznTM35%3ALTda542b77ee3f4d1091ed047fa7921b98b2798195&click_sum=17a15f8d&ls=a&ga_order=most_relevant&ga_search_type=all&ga_view_type=gallery&ga_search_query=balinese+decor&ref=sc_gallery-2-1&frs=1&cns=1&sts=1"
,"6","17","Carved Water Buffalo Skull with Traditional Balinese Motif - Black Wall Art Decor for Boho, Rustic & Eclectic Interiors","Now$409.07","81","JungleSkull","4.81","81",,"https://www.etsy.com/listing/4453368812/carved-water-buffalo-skull-with?click_key=EuYrX1KmPiO3YfKTcaRUTOznTM35%3ALTfd9cf1aa3de22804a6aa0ee1516250025f75761d&click_sum=4df921b8&ls=a&ga_order=most_relevant&ga_search_type=all&ga_view_type=gallery&ga_search_query=balinese+decor&ref=sc_gallery-2-2&pro=1&frs=1&sts=1"
,"0","20","Vintage Kamasan Bali Indonesia Textile Hand Painting Mural 74"" X 34"" Signed","Now$371.25","0","DejaStash",,"0",,"https://www.etsy.com/listing/4482689367/vintage-kamasan-bali-indonesia-textile?click_key=5d014941-c286-423c-ba96-9e5e2fa8e3d6%3ALTcac163d76dd930e23f2032cce6380d9a4fabca7e&click_sum=486a974e&ls=s&ga_order=most_relevant&ga_search_type=all&ga_view_type=gallery&ga_search_query=balinese+decor&ref=sr_gallery-2-1&organic_search_click=1&pro=1&content_source=5d014941-c286-423c-ba96-9e5e2fa8e3d6%253ALTcac163d76dd930e23f2032cce6380d9a4fabca7e"
,"0","5","Precious Vintage Balinese Carved Wood Sculpture Dancing Deity 78cm 4.6kg","$499.99","97","VENTALIA","4.54","97",,"https://www.etsy.com/listing/4478023918/precious-vintage-balinese-carved-wood?click_key=5d014941-c286-423c-ba96-9e5e2fa8e3d6%3ALTe93079940e11e37bdb55f2662a302e3ee214d9b8&click_sum=5e3029b6&ls=s&ga_order=most_relevant&ga_search_type=all&ga_view_type=gallery&ga_search_query=balinese+decor&ref=sr_gallery-2-2&organic_search_click=1&content_source=5d014941-c286-423c-ba96-9e5e2fa8e3d6%253ALTe93079940e11e37bdb55f2662a302e3ee214d9b8"
,"46","13","Om Mandala Wood Carving Wall Art, Balinese Decor (20x20 inch)","$206.10","161","ArasBali","4.91","161",,"https://www.etsy.com/listing/1224599111/unique-wall-hanging-decor-mandala-wall?click_key=EuYrX1KmPiO3YfKTcaRUTOznTM35%3ALTc90505919ec4dc1ee5d659a30c0b086184f0a315&click_sum=61062071&ls=a&ga_order=most_relevant&ga_search_type=all&ga_view_type=gallery&ga_search_query=balinese+decor&ref=sc_gallery-2-3&pro=1&cns=1&local_signal_search=1"
,"76","6","Balinese Sterling Silver Bracelet: Handcrafted Bali Jewelry","Now$210.46+","165","BaliChains","4.84","165",,"https://www.etsy.com/listing/1139743006/balinese-sterling-silver-bracelet?click_key=Eun0XHVCUn_OlwZ_VKPJsmXJOI6f%3ALT495127beacecaffc7c4801390461ab8758edef35&click_sum=080f1062&ls=a&ga_order=most_relevant&ga_search_type=all&ga_view_type=gallery&ga_search_query=balinese+jewelry&ref=sc_gallery-2-1&pro=1&frs=1&sts=1&local_signal_search=1"
,"71","10","Barong Mask, Balinese Wood Wall Art Decor","$125.99","161","ArasBali","4.91","161",,"https://www.etsy.com/listing/1217252155/rangda-mask-balinese-wood-wall-art-decor?click_key=Eu4jumgpctWyqT9I2i72_3p42Wad%3ALTc510d39a03fa5d545316e3fd7ca20da1c6cf040a&click_sum=694971b1&ls=a&ga_order=most_relevant&ga_search_type=all&ga_view_type=gallery&ga_search_query=balinese+product&ref=sc_gallery-2-2&pro=1&cns=1&local_signal_search=1"
,"104","10","Triple Mudra Buddha Panel Hand Carved Suar Wood Bali Wall Sculpture Balinese Art","$198.00","2751","acadiaworldtraders2","4.93","2800",,"https://www.etsy.com/listing/1521879303/triple-mudra-buddha-panel-hand-carved?click_key=Eu4jumgpctWyqT9I2i72_3p42Wad%3ALT5e6d29e882793d54d2873fcf0be6756b139fcd1a&click_sum=e9bdb59e&ls=a&ga_order=most_relevant&ga_search_type=all&ga_view_type=gallery&ga_search_query=balinese+product&ref=sc_gallery-2-1&frs=1&sts=1"
,"9","10","Balinese Demon Mask, Vintage Hand Carved Hardwood, Indonesian Carving (20 x 20 x 10 cm)","$140.86","692","DownDeptfordMarket","4.97","692",,"https://www.etsy.com/listing/1905082571/balinese-demon-mask-vintage-hand-carved?click_key=e1801b9f-e488-41c3-a11e-9f8e316560fb%3ALT75113ba81e04e47e3aaa3884e02d2bff1be72991&click_sum=ed2493ba&ls=s&ga_order=most_relevant&ga_search_type=all&ga_view_type=gallery&ga_search_query=balinese+product&ref=sr_gallery-2-1&organic_search_click=1&sts=1&content_source=e1801b9f-e488-41c3-a11e-9f8e316560fb%253ALT75113ba81e04e47e3aaa3884e02d2bff1be72991"
,"33","10","Vintage Indonesian wood carving panel with depth working women 1980s Balinese wood carvings women in jungle | Wood carving Bali rain forest","$222.11","573","Werlie","4.96","573",,"https://www.etsy.com/listing/1616166984/vintage-indonesian-wood-carving-panel?click_key=e1801b9f-e488-41c3-a11e-9f8e316560fb%3ALTc017be54f0db392826d277863f271a76fcc0149b&click_sum=1fdd6b01&ls=s&ga_order=most_relevant&ga_search_type=all&ga_view_type=gallery&ga_search_query=balinese+product&ref=sr_gallery-2-2&organic_search_click=1&content_source=e1801b9f-e488-41c3-a11e-9f8e316560fb%253ALTc017be54f0db392826d277863f271a76fcc0149b"
,"8","4","Balinese Couple Art Print, Bali Cultural Heritage Portrait, Set of 2 Posters","$15.00+","557","ArtStationPrinting","4.84","557",,"https://www.etsy.com/listing/4381913981/balinese-couple-art-print-bali-cultural?click_key=Eu4jumgpctWyqT9I2i72_3p42Wad%3ALTdba0d7aa7d6e3cef26b570a8ba9a987f3920e4b2&click_sum=5f332abe&ls=a&ga_order=most_relevant&ga_search_type=all&ga_view_type=gallery&ga_search_query=balinese+product&ref=sc_gallery-2-3"
,"8","9","Antique Indonesian Hand Carved Wooden Towel Rack | Balinese Folk Art Wall Rail","$107.85","43","AntykAllure","4.84","43",,"https://www.etsy.com/listing/4469422311/antique-indonesian-hand-carved-wooden?click_key=Eu4jumgpctWyqT9I2i72_3p42Wad%3ALT0b8779477e75ef29253fd222a8a2bbb6a98f737a&click_sum=91b791b8&ls=a&ga_order=most_relevant&ga_search_type=all&ga_view_type=gallery&ga_search_query=balinese+product&ref=sc_gallery-2-4&cns=1&sts=1"
,"164","9","Hand-Carved Ganesha Pendant: Siberian Blue Quartz, Sterling Silver, Balinese Box","$555.00+","92","OriginalSiberianBlue","5","92",,"https://www.etsy.com/listing/829361548/hand-carved-ganesha-pendant-siberian?click_key=EubRLt-DcVSo-jmGj9zGZpFJl53a%3ALT32ce7b831ea3112a4f640d44c10a6f18fd98debc&click_sum=2f7cea50&ls=a&ga_order=most_relevant&ga_search_type=all&ga_view_type=gallery&ga_search_query=balinese+jewelry&ref=sc_gallery-1-3&frs=1&local_signal_search=1"
,"0","10","FFD #090 | Big Nautilus Shell Necklace 17 - 18 inches | Sterling Silver Gemstones With Nautilus Pendant | Big Gemstones, Nautilus Necklace","$386.00","959","AlbuquerqueTrader","4.86","959",,"https://www.etsy.com/listing/4327636046/ffd-090-big-nautilus-shell-necklace-17?click_key=EuWgFGApZoxTECHVZgAHeFiHvp61%3ALTdd7d3bdb4b6c466dafe030187f378b816d7aeb4f&click_sum=762fdfa1&ls=a&ga_order=most_relevant&ga_search_type=all&ga_view_type=gallery&ga_search_query=balinese%2Bhandmade&ref=sc_gallery-3-1&frs=1"
,"118","9","Balinese golden Lotus Motif Panel architectural Relief Wood Carving Bali wall Art teal 60""","$398.00","2751","acadiaworldtraders2","4.93","2800",,"https://www.etsy.com/listing/1087990261/balinese-golden-lotus-motif-panel?click_key=Euq9aJsVhI_J4aRyWkaPfMw7TEab%3ALT586defef302d8f0c433b018bb63d5ef4ccd104e4&click_sum=25306ef8&ls=a&ga_order=most_relevant&ga_search_type=all&ga_view_type=gallery&ga_search_query=balinese+art&ref=sc_gallery-2-1&frs=1&cns=1&sts=1"
,"8","10","ATS-AYU020 | Big Nautilus Shell Necklace Pendant Options With Silver Chain | Sterling Silver Bali Nautilus Pendant | Lovely Shell Pendant","$64.00+","959","AlbuquerqueTrader","4.86","959",,"https://www.etsy.com/listing/1878919935/ats-ayu020-big-nautilus-shell-necklace?click_key=EuWgFGApZoxTECHVZgAHeFiHvp61%3ALT831f9a35118a25b6b10db5dd4544f50fdee81ffd&click_sum=72cae6a6&ls=a&ga_order=most_relevant&ga_search_type=all&ga_view_type=gallery&ga_search_query=balinese%2Bhandmade&ref=sc_gallery-3-2&frs=1"
,"68","3","Handcarved Solidwood Furniture, Carving Furniture, Mango Wood Hand Carved Sideboard with Floral Motifs, Rustic Mango Wood Floral Cabinet","$1,961.25+","36","HOJFurniture","4.87","36",,"https://www.etsy.com/listing/4411632931/handcarved-solidwood-furniture-carving?click_key=EuTglZewa-ov66K0huZ79YSRZi9b%3ALTb0bada4de980a262e192afc17aab50498a68ba57&click_sum=75b3b99b&ls=a&ga_order=most_relevant&ga_search_type=all&ga_view_type=gallery&ga_search_query=balinese+furniture&ref=sc_gallery-2-1&pro=1&frs=1&cns=1&sts=1"
,"7","5","Bali Galungan Oil Painting - Balinese Women, Original Artwork,  Bali Art Decor","$150.00","0","KaayoIndoTreasures",,"0",,"https://www.etsy.com/listing/1542834687/bali-galungan-oil-painting-balinese?click_key=d3240d19-c3cd-4940-bda1-e1a92b9ff027%3ALTa052b010319ca4841e31c020ea0f7c44125b4790&click_sum=003a6f84&ls=s&ga_order=most_relevant&ga_search_type=all&ga_view_type=gallery&ga_search_query=balinese%2Bhandmade&ref=sr_gallery-3-1&organic_search_click=1&content_source=d3240d19-c3cd-4940-bda1-e1a92b9ff027%253ALTa052b010319ca4841e31c020ea0f7c44125b4790"
,"603","8","Balinese Twin Dragon Naga Relief Panel Hand Carved Wood Bali wall art 31""","$269.00","2751","acadiaworldtraders2","4.93","2800",,"https://www.etsy.com/listing/635728288/balinese-twin-dragon-naga-relief-panel?click_key=EuTglZewa-ov66K0huZ79YSRZi9b%3ALTadf116362444a692bb5f4d05259e8a790bafbdc2&click_sum=81d31e6f&ls=a&ga_order=most_relevant&ga_search_type=all&ga_view_type=gallery&ga_search_query=balinese+furniture&ref=sc_gallery-2-2&frs=1&sca=1&sts=1"
,"26","13","Hand Carved Cempaka Wood Balinese Tropical Scenery Wall Hanging Decor","$269.99","161","ArasBali","4.91","161",,"https://www.etsy.com/listing/1605276587/wooden-tropical-balinese-scenery-wall?click_key=42efefbb-c796-4162-883e-0e83feea4c95%3ALT9a5ec69c352fd88dcf7145536b4856cb8aac1de0&click_sum=421ec126&ls=s&ga_order=most_relevant&ga_search_type=all&ga_view_type=gallery&ga_search_query=balinese+furniture&ref=sr_gallery-2-1&organic_search_click=1&pro=1&cns=1&local_signal_search=1&content_source=42efefbb-c796-4162-883e-0e83feea4c95%253ALT9a5ec69c352fd88dcf7145536b4856cb8aac1de0"
,"35","10","Vintage Balinese Barong Mask Hand Carved Wood Folk Art Wall Decor Indonesian Tribal Art","$139.99","29","VintageThriftQueen","4.97","29",,"https://www.etsy.com/listing/4447762114/vintage-balinese-barong-mask-hand-carved?click_key=42efefbb-c796-4162-883e-0e83feea4c95%3ALTe1b0af1c49e3778d72240242893b6c4920d99d41&click_sum=83c6a794&ls=s&ga_order=most_relevant&ga_search_type=all&ga_view_type=gallery&ga_search_query=balinese+furniture&ref=sr_gallery-2-2&organic_search_click=1&frs=1&cns=1&content_source=42efefbb-c796-4162-883e-0e83feea4c95%253ALTe1b0af1c49e3778d72240242893b6c4920d99d41"
,"1748","10","Hand Carved Mango Wood Nested End Tables, Natural Walnut Finish (Set of 2)","Now$224.25","119","Craftprise","4.68","119",,"https://www.etsy.com/listing/4377971499/hand-carved-mango-wood-nested-end-tables?click_key=EuTglZewa-ov66K0huZ79YSRZi9b%3ALTd555cda502f721d66bfbc99c30a480dfd32a0f4f&click_sum=ab6547bb&ls=a&ga_order=most_relevant&ga_search_type=all&ga_view_type=gallery&ga_search_query=balinese+furniture&ref=sc_gallery-2-3&pro=1&bes=1"
,"50","13","Krishna and Arjuna Wood Carving 20 inch, Mahabharata War, Balinese Wall Art, Holiday Decor","$323.99","161","ArasBali","4.91","161",,"https://www.etsy.com/listing/1198379542/krishna-and-arjuna-in-mahabharata-war-20?click_key=EuZ7NoWY0cqIoFy1CVtxsBQSjRc1%3ALT2d637c826c72835d497ef9892f7a0a27fedb5a50&click_sum=37b1ed61&ls=a&ga_order=most_relevant&ga_search_type=all&ga_view_type=gallery&ga_search_query=balinese+decor&ref=sc_gallery-3-1&pro=1&local_signal_search=1"
,"71","10","Barong Mask, Balinese Wood Wall Art Decor","$125.99","161","ArasBali","4.91","161",,"https://www.etsy.com/listing/1217252155/rangda-mask-balinese-wood-wall-art-decor?click_key=EuTglZewa-ov66K0huZ79YSRZi9b%3ALTed9ab738b5550b247d90e9f9485e9fc02483c0f8&click_sum=63acc774&ls=a&ga_order=most_relevant&ga_search_type=all&ga_view_type=gallery&ga_search_query=balinese+furniture&ref=sc_gallery-2-4&pro=1&cns=1&local_signal_search=1"
,"0","7","Queen Size Mandala Bed headboard Medit | Tropical Home Decor | Hand Carved Decor | Balinese Decorative Wall Art | Carved Bed Headboard |","Now$351.00","303","KultureDeco","4.63","303",,"https://www.etsy.com/listing/1270229778/queen-size-mandala-bed-headboard-medit?click_key=EuZ7NoWY0cqIoFy1CVtxsBQSjRc1%3ALT4d35397d6d6ac6856f9775ef9b6634af77afd2d0&click_sum=3b7e0ad2&ls=a&ga_order=most_relevant&ga_search_type=all&ga_view_type=gallery&ga_search_query=balinese+decor&ref=sc_gallery-3-2&pro=1&local_signal_search=1"
,"0","13","Vintage Balinese Figurative Painting Set | Signed KOS, Framed Wall Art","$751.00","5","CampWilsonandCo","5","5",,"https://www.etsy.com/listing/4404458967/vintage-balinese-figurative-painting-set?click_key=ba70957f-48ff-4214-a01d-9ba6a00e7959%3ALT9d3dcb57968b9b73a022d34cdf9a24d97bf53fba&click_sum=98649145&ls=s&ga_order=most_relevant&ga_search_type=all&ga_view_type=gallery&ga_search_query=balinese+decor&ref=sr_gallery-3-1&organic_search_click=1&content_source=ba70957f-48ff-4214-a01d-9ba6a00e7959%253ALT9d3dcb57968b9b73a022d34cdf9a24d97bf53fba"
,"3","16","Authentic Vintage Kamasan Balinese Painting – Traditional Indonesian Wall Art, Hand Painted Cultural Decor A132","Now$299.25","9","AntiqueGallery39521","5","9",,"https://www.etsy.com/listing/4430519626/authentic-vintage-kamasan-balinese?click_key=ba70957f-48ff-4214-a01d-9ba6a00e7959%3ALTaad12d1aac80220466e1658a5351a91ca606e4bc&click_sum=dea28424&ls=s&ga_order=most_relevant&ga_search_type=all&ga_view_type=gallery&ga_search_query=balinese+decor&ref=sr_gallery-3-2&organic_search_click=1&pro=1&frs=1&content_source=ba70957f-48ff-4214-a01d-9ba6a00e7959%253ALTaad12d1aac80220466e1658a5351a91ca606e4bc"
,"490","6","Balinese Mermaid Wood Wall Art Carving: Nyi Blorong Goddess of the South Seas","$159.00","2751","acadiaworldtraders2","4.93","2800",,"https://www.etsy.com/listing/649295113/balinese-mermaid-wood-wall-art-carving?click_key=EuZ7NoWY0cqIoFy1CVtxsBQSjRc1%3ALT54956d35f9f66a07f7bcb9110531bfbeed3d58f0&click_sum=5c41c5d3&ls=a&ga_order=most_relevant&ga_search_type=all&ga_view_type=gallery&ga_search_query=balinese+decor&ref=sc_gallery-3-3&frs=1&sts=1"
,"3","10","Hand Carved Wood Plate: Balinese Floral Centerpiece (13.5"")","$143.55","745","33imports","4.81","745",,"https://www.etsy.com/listing/1543194933/hand-carved-wood-plate-balinese-floral?click_key=EuZ7NoWY0cqIoFy1CVtxsBQSjRc1%3ALT4b296360468bacb95b34d917eaea47a48a88018c&click_sum=fbfcf98a&ls=a&ga_order=most_relevant&ga_search_type=all&ga_view_type=gallery&ga_search_query=balinese+decor&ref=sc_gallery-3-4&frs=1"
,"35","5","Vintage Bali Java Indonesian Sura Sterling Silver Filigree Dragon Cuff Bracelet","$245.00","512","HStewartH","4.99","512",,"https://www.etsy.com/listing/1366434543/vintage-bali-java-indonesian-sura?click_key=4dc43551-3064-4e04-b5e1-d72ce28e61ae%3ALT488d18eac5c3fd99fe1e95738acd7fde179a1049&click_sum=1f7e772b&ls=s&ga_order=most_relevant&ga_search_type=all&ga_view_type=gallery&ga_search_query=balinese+jewelry&ref=sr_gallery-2-1&organic_search_click=1&content_source=4dc43551-3064-4e04-b5e1-d72ce28e61ae%253ALT488d18eac5c3fd99fe1e95738acd7fde179a1049"
,"9","10","Original vintage Bali wood Carving Art, depicting the Balinese Goddess Dewi Uma, Bali Island of the Gods Indonesia, Bali Hindu Religios Art,","$228.21","752","DanovaVintage","4.91","752",,"https://www.etsy.com/listing/1889210772/original-vintage-bali-wood-carving-art?click_key=a64d48fc-4e88-4250-9e61-5ab9320a6aef%3ALT2128326c7c738976dd41e7089243043a7bb47416&click_sum=379f5b29&ls=s&ga_order=most_relevant&ga_search_type=all&ga_view_type=gallery&ga_search_query=balinese+art&ref=sr_gallery-2-1&organic_search_click=1&content_source=a64d48fc-4e88-4250-9e61-5ab9320a6aef%253ALT2128326c7c738976dd41e7089243043a7bb47416"
,"6","10","KK-200 | Sterling Silver Dragon Heads Bracelet Cuff | Balinese 2 Heads Dragon Bracelet Cuff | Silver Dragon Bracelet Cuff | Dragon Jewelry","$259.00","959","AlbuquerqueTrader","4.86","959",,"https://www.etsy.com/listing/1751504454/kk-200-sterling-silver-dragon-heads?click_key=4dc43551-3064-4e04-b5e1-d72ce28e61ae%3ALTf6ba5b86624a8b6eda345693eb268b8716ee105c&click_sum=3fdc7d80&ls=s&ga_order=most_relevant&ga_search_type=all&ga_view_type=gallery&ga_search_query=balinese+jewelry&ref=sr_gallery-2-2&organic_search_click=1&frs=1&content_source=4dc43551-3064-4e04-b5e1-d72ce28e61ae%253ALTf6ba5b86624a8b6eda345693eb268b8716ee105c"
,"0","9","Vtg Balinese hand carved wood sculpture 20"" t set of 2","$600.00","29","AmericanaNostalgia","4.68","29",,"https://www.etsy.com/listing/4471376713/vtg-balinese-hand-carved-wood-sculpture?click_key=a74fded4-8f44-4fc9-99e1-006e829a2e08%3ALTf686081c20b136ac6f1d21af6077886ee3df051f&click_sum=67878dd3&ls=s&ga_order=most_relevant&ga_search_type=all&ga_view_type=gallery&ga_search_query=balinese&ref=sr_gallery-3-2&organic_search_click=1&frs=1&content_source=a74fded4-8f44-4fc9-99e1-006e829a2e08%253ALTf686081c20b136ac6f1d21af6077886ee3df051f"
,"0","2","Handmade Balinese Wooden Couple Statue – Javanese Wedding Decor, Ethnic Home Accent","$168.00","127","HariMauCreations","4.72","127",,"https://www.etsy.com/listing/4487976391/handmade-balinese-wooden-couple-statue?click_key=Euo8fVONgGEYC_wldVKEO73cLqe8%3ALT7d04945fa3fbf77f3c186d063703f6875c9902f8&click_sum=2c863856&ls=a&ga_order=most_relevant&ga_search_type=all&ga_view_type=gallery&ga_search_query=balinese&ref=sc_gallery-3-3&frs=1&local_signal_search=1"
,"0","15","Balinese Wedding Procession Art, Bali Tropical Decor — Asian Wedding Gift","Now$21.89+","31","TerraArtStudioCo","4.87","31",,"https://www.etsy.com/listing/4475868667/balinese-wedding-procession-art-bali?click_key=Euo8fVONgGEYC_wldVKEO73cLqe8%3ALT8852b22bfc110d244674d58e2cafe3dcdbc500df&click_sum=3e8ff912&ls=a&ga_order=most_relevant&ga_search_type=all&ga_view_type=gallery&ga_search_query=balinese&ref=sc_gallery-3-4&pro=1&frs=1"
,"91","10","Bali Incense Sticks, Handmade Organic Balinese Incense from Indonesia for Everyday Use, Ubud Bali Vibes Indonesia, Natural Gift from Bali","Now$11.20","5202","EverestTrader","4.89","5200",,"https://www.etsy.com/listing/1860149245/bali-incense-sticks-handmade-organic?click_key=EuYrX1KmPiO3YfKTcaRUTOznTM35%3ALT622438bcfaee99dc3c02d219ffef8cef254cea4a&click_sum=cb656257&ls=a&ga_order=most_relevant&ga_search_type=all&ga_view_type=gallery&ga_search_query=balinese+decor&ref=sc_gallery-2-4&pro=1&sts=1"
,"21","10","Hand-Carved Balinese Mermaid Wall Panel: Vintage Wood Art, Red Green Gold","$109.83","199","LaBoutiqueDeMemoires","4.83","199",,"https://www.etsy.com/listing/4349621713/hand-carved-balinese-mermaid-wall-panel?click_key=a64d48fc-4e88-4250-9e61-5ab9320a6aef%3ALT5e6d9dda5563bf916238a8fb6aca3619180a6e9b&click_sum=689f5879&ls=s&ga_order=most_relevant&ga_search_type=all&ga_view_type=gallery&ga_search_query=balinese+art&ref=sr_gallery-2-2&organic_search_click=1&content_source=a64d48fc-4e88-4250-9e61-5ab9320a6aef%253ALT5e6d9dda5563bf916238a8fb6aca3619180a6e9b"
,"13","8","Traditional Balinese Lotus Sarong Batik, Made in Indonesia, Summer Beach Sarong, Pool Coverup","Now$31.20","5202","EverestTrader","4.89","5200",,"https://www.etsy.com/listing/4480322735/traditional-balinese-lotus-sarong-batik?click_key=Euo8fVONgGEYC_wldVKEO73cLqe8%3ALTa4c5d25c50c3488ca532d11fa02ae90038d33b97&click_sum=412c3a09&ls=a&ga_order=most_relevant&ga_search_type=all&ga_view_type=gallery&ga_search_query=balinese&ref=sc_gallery-3-2&pro=1&sts=1"
,"33","8","Sterling Silver Filigree Hoop Earrings: Bali Lace Jewelry","$76.00","95","AHJewelryDesigner","4.76","95",,"https://www.etsy.com/listing/4334218693/sterling-silver-filigree-hoop-earrings?click_key=Eun0XHVCUn_OlwZ_VKPJsmXJOI6f%3ALT14243030bae31edef4a9d45a08be633dd93db348&click_sum=3d21d75f&ls=a&ga_order=most_relevant&ga_search_type=all&ga_view_type=gallery&ga_search_query=balinese+jewelry&ref=sc_gallery-2-3&frs=1"
,"11","5","Balinese dancer, made of Waru wood, carving is exceptional.  measures 19” tall x 5” wide. Indonesian dancer mask.  piece of art.","$99.00","218","GildedHummingbird","4.95","218",,"https://www.etsy.com/listing/4374130717/balinese-dancer-made-of-waru-wood?click_key=EuKcjBc6l5HNXhFJIJyupPBk7G60%3ALT502fa58e34f2ab5937bf3148fdaf17643349d84d&click_sum=41f4ec15&ls=a&ga_order=most_relevant&ga_search_type=all&ga_view_type=gallery&ga_search_query=balinese+product&ref=sc_gallery-1-2&cns=1"
,"1493","11","15"" Purple Chanterelle Wall Art, Botanical Wood Carving, Textured Mushroom Decor, Whimsical Forest Hanging, Nature Gift MH001","$102.33","649","PaintedWoodCarvings","4.93","649",,"https://www.etsy.com/listing/1830256287/15-inch-chanterelle-mushroom-wall-art?click_key=Euq9aJsVhI_J4aRyWkaPfMw7TEab%3ALT134b42b32559919cc9e3d93afb7d7c4c66ac7c96&click_sum=76308c93&ls=a&ga_order=most_relevant&ga_search_type=all&ga_view_type=gallery&ga_search_query=balinese+art&ref=sc_gallery-2-3&pro=1&local_signal_search=1"
,"1092","19","Byzantine Chain Silver 925, King Braided Necklace, Vintage Balinese Chocker, Heavy Statement Antique Collar","$137.90+","186","AngelsOfJools","4.92","186",,"https://www.etsy.com/listing/892834719/byzantine-chain-silver-925-necklace?click_key=Eun0XHVCUn_OlwZ_VKPJsmXJOI6f%3ALT7182b02b363a04863920ccab3031681a16659624&click_sum=72301284&ls=a&ga_order=most_relevant&ga_search_type=all&ga_view_type=gallery&ga_search_query=balinese+jewelry&ref=sc_gallery-2-2&sts=1"
,"49","9","Balinese Feather Wood Hangers (Pair) - A067","$18.99+","10189","TwoFeatherConnection","4.86","10200",,"https://www.etsy.com/listing/1753173740/balinese-feather-wood-hangers-pair-a067?click_key=Eun0XHVCUn_OlwZ_VKPJsmXJOI6f%3ALT4051515059eced886ae0d7f8df77f3e81e6ae88e&click_sum=5a707c02&ls=a&ga_order=most_relevant&ga_search_type=all&ga_view_type=gallery&ga_search_query=balinese+jewelry&ref=sc_gallery-2-4&sts=1"
,"2","20","1961 Balinese Offering Bearer Sculpture – Klungkung Court Style Hardwood Carving","$334.70","43","AntykAllure","4.84","43",,"https://www.etsy.com/listing/4476790764/1961-balinese-offering-bearer-sculpture?click_key=a74fded4-8f44-4fc9-99e1-006e829a2e08%3ALTc1ee47095ecbf1a61d56627665d0f78bc3d7da4f&click_sum=b025b3bb&ls=s&ga_order=most_relevant&ga_search_type=all&ga_view_type=gallery&ga_search_query=balinese&ref=sr_gallery-3-1&organic_search_click=1&sts=1&content_source=a74fded4-8f44-4fc9-99e1-006e829a2e08%253ALTc1ee47095ecbf1a61d56627665d0f78bc3d7da4f"
,"55","8","Balinese Garuda Brass Statue with Deepam Lamps - Vishnu's Vahana","$229.00","58","LotusSculptureShop","4.96","58",,"https://www.etsy.com/listing/1706596965/balinese-garuda-brass-statue-with-deepam?click_key=Eu9WwfpYLc3gfj0ou4pRW8HXT0ba%3ALT6a448ac7d99160b3d3950a8edd5119cf1097f2a9&click_sum=21843e59&ls=a&ga_order=most_relevant&ga_search_type=all&ga_view_type=gallery&ga_search_query=balinese+art&ref=sc_gallery-1-3&frs=1&cns=1"
,"26","13","Hand Carved Cempaka Wood Balinese Tropical Scenery Wall Hanging Decor","$269.99","161","ArasBali","4.91","161",,"https://www.etsy.com/listing/1605276587/wooden-tropical-balinese-scenery-wall?click_key=Euq9aJsVhI_J4aRyWkaPfMw7TEab%3ALTd068dfdab45b1e87af2ab77404978cc56ec4f25b&click_sum=c23a0ca4&ls=a&ga_order=most_relevant&ga_search_type=all&ga_view_type=gallery&ga_search_query=balinese+art&ref=sc_gallery-2-2&pro=1&cns=1&local_signal_search=1"
,"10","10","ATS-AYU020-B | Big Nautilus Shell Necklace Pendant Options With Silver Chain | Sterling Silver Bali Nautilus Pendant | Lovely Shell Pendant","$44.00+","959","AlbuquerqueTrader","4.86","959",,"https://www.etsy.com/listing/1864728174/ats-ayu020-b-big-nautilus-shell-necklace?click_key=EuWgFGApZoxTECHVZgAHeFiHvp61%3ALT4a00b2e16201e14dd796c20c04fb8696189b4550&click_sum=45231a4e&ls=a&ga_order=most_relevant&ga_search_type=all&ga_view_type=gallery&ga_search_query=balinese%2Bhandmade&ref=sc_gallery-3-3&frs=1"
,"490","6","Balinese Mermaid Wood Wall Art Carving: Nyi Blorong Goddess of the South Seas","$159.00","2751","acadiaworldtraders2","4.93","2800",,"https://www.etsy.com/listing/649295113/balinese-mermaid-wood-wall-art-carving?click_key=Euo8fVONgGEYC_wldVKEO73cLqe8%3ALTd21a2ac723fc9e3e803c9dbb87c6e69408925fc7&click_sum=6b4299f0&ls=a&ga_order=most_relevant&ga_search_type=all&ga_view_type=gallery&ga_search_query=balinese&ref=sc_gallery-3-1&frs=1&sts=1"
,"0","15","Balinese Wedding Procession Art, Bali Tropical Decor — Asian Wedding Gift","Now$21.89+","31","TerraArtStudioCo","4.87","31",,"https://www.etsy.com/listing/4475868667/balinese-wedding-procession-art-bali?click_key=Euq9aJsVhI_J4aRyWkaPfMw7TEab%3ALT3a41d696fbbca50f51cbfb87fae494164b8fe127&click_sum=56a9e887&ls=a&ga_order=most_relevant&ga_search_type=all&ga_view_type=gallery&ga_search_query=balinese+art&ref=sc_gallery-2-4&pro=1&frs=1"
,"2","2","Balinese Straw Doll","$15.00","12","RudyBeGood","5","12",,"https://www.etsy.com/listing/1488683749/balinese-straw-doll?click_key=d3240d19-c3cd-4940-bda1-e1a92b9ff027%3ALTb05745d3f8e85beb2e6fb8827b92ca6b1a6c981c&click_sum=48ee879d&ls=s&ga_order=most_relevant&ga_search_type=all&ga_view_type=gallery&ga_search_query=balinese%2Bhandmade&ref=sr_gallery-3-2&organic_search_click=1&content_source=d3240d19-c3cd-4940-bda1-e1a92b9ff027%253ALTb05745d3f8e85beb2e6fb8827b92ca6b1a6c981c"
,"11","5","Balinese dancer, made of Waru wood, carving is exceptional.  measures 19” tall x 5” wide. Indonesian dancer mask.  piece of art.","$99.00","218","GildedHummingbird","4.95","218",,"https://www.etsy.com/listing/4374130717/balinese-dancer-made-of-waru-wood?click_key=Eu9WwfpYLc3gfj0ou4pRW8HXT0ba%3ALTe29c02b8695949b99cfbb79a8f9bcd76233ac6b4&click_sum=9255ee6c&ls=a&ga_order=most_relevant&ga_search_type=all&ga_view_type=gallery&ga_search_query=balinese+art&ref=sc_gallery-1-4&cns=1"
,"2","2","Bali Incense Stick Collection, Handmade Balinese Incense from Ubud Indonesia","Now$7.20+","5202","EverestTrader","4.89","5200",,"https://www.etsy.com/listing/4467738246/bali-incense-stick-collection-handmade?click_key=EuU-e2-CoWRJHr56Kx_ABH4ZmQ06%3ALT8fb070ea003733e024e38f0f9d77010776541b92&click_sum=c6285ebb&ls=a&ga_order=most_relevant&ga_search_type=all&ga_view_type=gallery&ga_search_query=balinese+product&ref=sc_gallery-3-1&pro=1&sts=1"
,"2","20","Vintage Coromandel wooden statue - Bali - Indonesia - 1970","Now$241.62","458","vpcuriosities","4.86","458",,"https://www.etsy.com/listing/4421891229/vintage-coromandel-wooden-statue-bali?click_key=66cec663-37b2-4606-aba3-81856bd250e6%3ALT1d29cc22e327a7ecf49dad59e3806b04e7fcbbd3&click_sum=21bf8c3c&ls=s&ga_order=most_relevant&ga_search_type=all&ga_view_type=gallery&ga_search_query=balinese+product&ref=sr_gallery-3-1&organic_search_click=1&pro=1&sts=1&content_source=66cec663-37b2-4606-aba3-81856bd250e6%253ALT1d29cc22e327a7ecf49dad59e3806b04e7fcbbd3"
,"118","9","Balinese golden Lotus Motif Panel architectural Relief Wood Carving Bali wall Art teal 60""","$398.00","2751","acadiaworldtraders2","4.93","2800",,"https://www.etsy.com/listing/1087990261/balinese-golden-lotus-motif-panel?click_key=EuU-e2-CoWRJHr56Kx_ABH4ZmQ06%3ALT036278630698da33eb8ebd415e6c8ca4519eb89f&click_sum=883ac296&ls=a&ga_order=most_relevant&ga_search_type=all&ga_view_type=gallery&ga_search_query=balinese+product&ref=sc_gallery-3-2&frs=1&cns=1&sts=1"
,"19","10","Midecentury Bali Indonesia Carved Wooden Male and Female Faces","$100.00","367","PoliHistArt","4.97","367",,"https://www.etsy.com/listing/1749003280/midecentury-bali-indonesia-carved-wooden?click_key=66cec663-37b2-4606-aba3-81856bd250e6%3ALTd82dec69e1874e1a6a1a37a437c2060ee135fe50&click_sum=430f282a&ls=s&ga_order=most_relevant&ga_search_type=all&ga_view_type=gallery&ga_search_query=balinese+product&ref=sr_gallery-3-2&organic_search_click=1&frs=1&sts=1&content_source=66cec663-37b2-4606-aba3-81856bd250e6%253ALTd82dec69e1874e1a6a1a37a437c2060ee135fe50"
,"71","10","Barong Mask, Balinese Wood Wall Art Decor","$125.99","161","ArasBali","4.91","161",,"https://www.etsy.com/listing/1217252155/rangda-mask-balinese-wood-wall-art-decor?click_key=EuU-e2-CoWRJHr56Kx_ABH4ZmQ06%3ALTe7733a3cca7bb933955d8d8ec7648df3811cd6fb&click_sum=914b6cf8&ls=a&ga_order=most_relevant&ga_search_type=all&ga_view_type=gallery&ga_search_query=balinese+product&ref=sc_gallery-3-3&pro=1&cns=1&local_signal_search=1"
,"0","4","Vintage Hand Carved Balinese Lady With Parasol Hat","$63.22","43","AntykAllure","4.84","43",,"https://www.etsy.com/listing/4473236238/vintage-hand-carved-balinese-lady-with?click_key=EuU-e2-CoWRJHr56Kx_ABH4ZmQ06%3ALT5718809bcbcf9101a0e762e1bee34dc2cdcd44bd&click_sum=978fffd6&ls=a&ga_order=most_relevant&ga_search_type=all&ga_view_type=gallery&ga_search_query=balinese+product&ref=sc_gallery-3-4&sts=1"
,"14","7","Handmade Embroidered Cloth Bag, Chinese Style","$22.01","4","JIZHONGYU","5","4",,"https://www.etsy.com/listing/4454373127/handmade-embroidered-cloth-bag-chinese?click_key=3979244b-e657-42d8-afdb-eb3475f83e2d%3ALTec2821c5bdcf9947cd3a9c3e32519fff29e2b007&click_sum=437dc135&ls=s&ga_order=most_relevant&ga_search_type=all&ga_view_type=gallery&ga_search_query=balinese%2Bhandmade&ref=sr_gallery-4-1&organic_search_click=1&pro=1&cns=1&content_source=3979244b-e657-42d8-afdb-eb3475f83e2d%253ALTec2821c5bdcf9947cd3a9c3e32519fff29e2b007"
,"4","12","925 Sterling Silver Balinese Handmade Sterling Silver turquoise Gemstone Bracelet Cuff Bangle with Oval Turquoise Jewelry Best Gift For Her","$85.68","93","925LunaraLegacy","4.38","93",,"https://www.etsy.com/listing/4435917556/925-sterling-silver-balinese-handmade?click_key=3979244b-e657-42d8-afdb-eb3475f83e2d%3ALT74885acdcd6d4a6c42399e151050ff6fe701cc9d&click_sum=4aa4e9f1&ls=s&ga_order=most_relevant&ga_search_type=all&ga_view_type=gallery&ga_search_query=balinese%2Bhandmade&ref=sr_gallery-4-2&organic_search_click=1&frs=1&sca=1&content_source=3979244b-e657-42d8-afdb-eb3475f83e2d%253ALT74885acdcd6d4a6c42399e151050ff6fe701cc9d"
,"34","6","Atlanticite Sterling Silver Ring: Chunky Balinese Artisan Crafted, US Size 8","$144.00","293","EnfleurageLilac","4.95","293",,"https://www.etsy.com/listing/1301589250/atlanticite-sterling-silver-ring-chunky?click_key=Euz0PYzfM7v_Uugd0Vt5liLQ_Zcf%3ALT733555c3e59d5f7b2f78416b8cabe24c30d316c0&click_sum=25cdcaf0&ls=a&ga_order=most_relevant&ga_search_type=all&ga_view_type=gallery&ga_search_query=balinese&ref=sc_gallery-4-2&frs=1&sts=1"
,"13","8","Traditional Balinese Lotus Sarong Batik, Made in Indonesia, Summer Beach Sarong, Pool Coverup","Now$31.20","5202","EverestTrader","4.89","5200",,"https://www.etsy.com/listing/4480322735/traditional-balinese-lotus-sarong-batik?click_key=Euz0PYzfM7v_Uugd0Vt5liLQ_Zcf%3ALT0a185a807ef7bac0d60e020229a39cc4de4df5dc&click_sum=a27dbe40&ls=a&ga_order=most_relevant&ga_search_type=all&ga_view_type=gallery&ga_search_query=balinese&ref=sc_gallery-4-1&pro=1&sts=1"
,"71","15","Hand Carved Wooden Garuda Sculpture, Black Gold Balinese Art, 29 inch","$386.99","161","ArasBali","4.91","161",,"https://www.etsy.com/listing/1227795166/unique-wooden-garuda-29-inch-sculpture?click_key=EuHaXYeCYh8TM0bVl-6VYloJeu21%3ALTe46fba0529c9eec6299b8a5a69d31ea04a9b89d1&click_sum=5e28f1e6&ls=a&ga_order=most_relevant&ga_search_type=all&ga_view_type=gallery&ga_search_query=balinese+art&ref=sc_gallery-3-1&pro=1&cns=1&local_signal_search=1"
,"253","10","Bali Winged Mermaid Goddess Mobile Cradle Guardian Carved wood Balinese art 15""","$69.00","2751","acadiaworldtraders2","4.93","2800",,"https://www.etsy.com/listing/834973322/bali-winged-mermaid-goddess-mobile?click_key=EuHaXYeCYh8TM0bVl-6VYloJeu21%3ALT27bde9d5f698e336e4792f68848eeb208098a85d&click_sum=286c9d4b&ls=a&ga_order=most_relevant&ga_search_type=all&ga_view_type=gallery&ga_search_query=balinese+art&ref=sc_gallery-3-2&frs=1&sts=1"
,"4","20","Garuda Vishnu Wood Carving 19.1 inches, Sculpture, Handmade Balinese Art Work, Gift for dad,","$296.99","161","ArasBali","4.91","161",,"https://www.etsy.com/listing/4463838144/garuda-vishnu-wood-carving-191-inches?click_key=EuddBlk9c8oLp3JaT62QwbV1dle3%3ALTc28152461bd5aefae6722398571399cbf5e735c9&click_sum=7660aa8a&ls=a&ga_order=most_relevant&ga_search_type=all&ga_view_type=gallery&ga_search_query=balinese+decor&ref=sc_gallery-4-1&pro=1&local_signal_search=1"
,"20","10","WAX PAPER PARASOL, White Pool Umbrella, Boho Umbrella, Garden Umbrella","$391.05","745","33imports","4.81","745",,"https://www.etsy.com/listing/1677356910/wax-paper-parasol-white-pool-umbrella?click_key=EuPFOzDX5Yx15cCjWOz_Nxa51O2b%3ALT1fc4092d148119a6e70f80c0417d26a12707814d&click_sum=dde6ebcd&ls=a&ga_order=most_relevant&ga_search_type=all&ga_view_type=gallery&ga_search_query=balinese+furniture&ref=sc_gallery-3-1&frs=1"
,"8","20","Vintage Dan African Mask Cowrie Shell Fiber Mask Tribal Carved Ritual Mask-G6032","$218.00","1641","spiritsspeaks","4.8","1600",,"https://www.etsy.com/listing/4420152044/vintage-dan-african-mask-cowrie-shell?click_key=Euy65HQ59YBmV8L-EEdw_IPxoW7c%3ALT453bc965782487771c301126cdec9dbe1c644efe&click_sum=336ba4af&ls=a&ga_order=most_relevant&ga_search_type=all&ga_view_type=gallery&ga_search_query=balinese+mask&ref=sc_gallery-2-1&pro=1&frs=1&sts=1"
,"0","9","Framed Hand-Carved Balinese Mask – Original Artwork","$187.16","0","EthniqueChiqueStore",,"0",,"https://www.etsy.com/listing/4492406664/framed-hand-carved-balinese-mask?click_key=Euy65HQ59YBmV8L-EEdw_IPxoW7c%3ALT1f53d0476f830a6411e76fd357bcf16b2fc222a7&click_sum=c534a1de&ls=a&ga_order=most_relevant&ga_search_type=all&ga_view_type=gallery&ga_search_query=balinese+mask&ref=sc_gallery-2-2"
,"76","6","Balinese Sterling Silver Bracelet: Handcrafted Bali Jewelry","Now$210.46+","165","BaliChains","4.84","165",,"https://www.etsy.com/listing/1139743006/balinese-sterling-silver-bracelet?click_key=EuIPRCUeKyYB1QH_9-XmCvqV6Ica%3ALTb0de20ff989eba3e2836618da209f95cc719780c&click_sum=f9e46da5&ls=a&ga_order=most_relevant&ga_search_type=all&ga_view_type=gallery&ga_search_query=balinese+jewelry&ref=sc_gallery-3-1&pro=1&frs=1&sts=1&local_signal_search=1"
,"403","10","Snake Woven Bracelet | 10mm Bali Style | approx. 60-75g | 925 Sterling | SilverWow®","$362.02+","144","Silverwow925","4.88","144",,"https://www.etsy.com/listing/525442480/woven-snake-mens-bracelet-10mm-solid-925?click_key=EuIPRCUeKyYB1QH_9-XmCvqV6Ica%3ALT643796e31cf9f76098d29072d5fba578b38d4e45&click_sum=9c08acf4&ls=a&ga_order=most_relevant&ga_search_type=all&ga_view_type=gallery&ga_search_query=balinese+jewelry&ref=sc_gallery-3-2&frs=1&cns=1"
,"9","10","Balinese Gold Accented Natural Garnet Beaded Vintage Dangle Oxidized Sterling Silver 925 Earrings","$54.60","688","TheNostalgiaHaus","4.95","688",,"https://www.etsy.com/listing/4458098192/balinese-gold-accented-natural-garnet?click_key=f4bab804-d2a2-441f-b23b-c1199ad60f6a%3ALT57755960129cc83018957dd52223681925609803&click_sum=169915a5&ls=s&ga_order=most_relevant&ga_search_type=all&ga_view_type=gallery&ga_search_query=balinese+jewelry&ref=sr_gallery-3-1&organic_search_click=1&sts=1&content_source=f4bab804-d2a2-441f-b23b-c1199ad60f6a%253ALT57755960129cc83018957dd52223681925609803"
,"369","10","Bali Sterling Silver Bracelet: Woven Design, Secure Clasp","Now$136.00+","1990","RkGlitter","4.73","2000",,"https://www.etsy.com/listing/857283296/bali-sterling-silver-bracelet-woven?click_key=f4bab804-d2a2-441f-b23b-c1199ad60f6a%3ALT86268e3e071a7d4845b7bc7783c1d8766bcb9db5&click_sum=6a59a5f8&ls=s&ga_order=most_relevant&ga_search_type=all&ga_view_type=gallery&ga_search_query=balinese+jewelry&ref=sr_gallery-3-2&organic_search_click=1&pro=1&frs=1&content_source=f4bab804-d2a2-441f-b23b-c1199ad60f6a%253ALT86268e3e071a7d4845b7bc7783c1d8766bcb9db5"
,"17","10","Outstanding Balinese Indonesia Wood Carved Bust Statue Sculpture","$499.00","1127","AccentsAntiquesMore","4.89","1100",,"https://www.etsy.com/listing/1191235983/outstanding-balinese-indonesia-wood?click_key=ed6643d0-f812-40c6-b81b-2572590e6fc6%3ALTafcb4dc1fefb7093a10bfa8c9844723dd5176ab2&click_sum=cce3de72&ls=s&ga_order=most_relevant&ga_search_type=all&ga_view_type=gallery&ga_search_query=balinese+product&ref=sr_gallery-4-1&organic_search_click=1&sts=1&content_source=ed6643d0-f812-40c6-b81b-2572590e6fc6%253ALTafcb4dc1fefb7093a10bfa8c9844723dd5176ab2"
,"6","8","925 Sterling Silver Chain and 18K Yellow Gold Bracelet with Dragon Bone Design set with White Topaz Stone Bali Handmade Byzantine Bracelet","$485.00","82","SterlingSilverBali","4.95","82",,"https://www.etsy.com/listing/1683106947/925-sterling-silver-chain-and-18k-yellow?click_key=EuIPRCUeKyYB1QH_9-XmCvqV6Ica%3ALTd8e1e1a8bd508549af7e156b9eb8fc4580d2a5c0&click_sum=e9627609&ls=a&ga_order=most_relevant&ga_search_type=all&ga_view_type=gallery&ga_search_query=balinese+jewelry&ref=sc_gallery-3-3&frs=1&local_signal_search=1"
,"104","10","Triple Mudra Buddha Panel Hand Carved Suar Wood Bali Wall Sculpture Balinese Art","$198.00","2751","acadiaworldtraders2","4.93","2800",,"https://www.etsy.com/listing/1521879303/triple-mudra-buddha-panel-hand-carved?click_key=EupdoL3AOYosx_71vJswBA6cZsba%3ALT67df469b5c8534fd3dd542a89346127cdd68c9e8&click_sum=c04e7fd0&ls=a&ga_order=most_relevant&ga_search_type=all&ga_view_type=gallery&ga_search_query=balinese+product&ref=sc_gallery-4-1&frs=1&sts=1"
,"2","12","Hand Carved Balinese Style Female Figure","$81.82","43","AntykAllure","4.84","43",,"https://www.etsy.com/listing/4442942064/hand-carved-balinese-style-female-figure?click_key=EupdoL3AOYosx_71vJswBA6cZsba%3ALT43a66fdb7f1448a30bbe543a74f68bdb73995289&click_sum=2bccf068&ls=a&ga_order=most_relevant&ga_search_type=all&ga_view_type=gallery&ga_search_query=balinese+product&ref=sc_gallery-4-2&sts=1"
,"4","10","Vintage Native Balinese Hand Painted Coconut Shell Lidded Box, Hindoe-epos Ramayana 5.9”/15cm (N4337)","Now$82.50","527","TheOldcrafts","4.93","527",,"https://www.etsy.com/listing/4410383555/vintage-native-balinese-hand-painted?click_key=EupdoL3AOYosx_71vJswBA6cZsba%3ALTa566d2be3e88ff6c4adae9f9b921157563677a40&click_sum=fc756a32&ls=a&ga_order=most_relevant&ga_search_type=all&ga_view_type=gallery&ga_search_query=balinese+product&ref=sc_gallery-4-4&pro=1&sts=1"
,"2","2","Bali Coffee Incense Sticks, Balinese Incense from Ubud Bali Indonesia for Everyday Use, Natural Gift from Bali","Now$11.20","5202","EverestTrader","4.89","5200",,"https://www.etsy.com/listing/4467754967/bali-coffee-incense-sticks-balinese?click_key=EupdoL3AOYosx_71vJswBA6cZsba%3ALTf3305549f673e0d6fdeb55628596af99fa9a98c7&click_sum=9937b023&ls=a&ga_order=most_relevant&ga_search_type=all&ga_view_type=gallery&ga_search_query=balinese+product&ref=sc_gallery-4-3&pro=1&sts=1"
,"104","10","Triple Mudra Buddha Panel Hand Carved Suar Wood Bali Wall Sculpture Balinese Art","$198.00","2751","acadiaworldtraders2","4.93","2800",,"https://www.etsy.com/listing/1521879303/triple-mudra-buddha-panel-hand-carved?click_key=Euz0PYzfM7v_Uugd0Vt5liLQ_Zcf%3ALT3db9d2189e9ce91159204b34bcef30b7f6af9588&click_sum=dce6a462&ls=a&ga_order=most_relevant&ga_search_type=all&ga_view_type=gallery&ga_search_query=balinese&ref=sc_gallery-4-4&frs=1&sts=1"
,"4","6","Vintage Carved Wood Panel Barong Mask, Indonesia Balinese Boma Bhoma Wall Hanging","$295.00","640","ForsythiaHill","4.95","640",,"https://www.etsy.com/listing/4447079207/large-carved-wooden-bali-walk-hanging?click_key=ed6643d0-f812-40c6-b81b-2572590e6fc6%3ALT7dc5f7c63f13b0a196447b6c69bbab92b6b93310&click_sum=caf7045d&ls=s&ga_order=most_relevant&ga_search_type=all&ga_view_type=gallery&ga_search_query=balinese+product&ref=sr_gallery-4-2&organic_search_click=1&sts=1&content_source=ed6643d0-f812-40c6-b81b-2572590e6fc6%253ALT7dc5f7c63f13b0a196447b6c69bbab92b6b93310"
,"7","5","Vintage Balinese Wood carving panel with Godess","$110.77","238","RheaTreasureShop","4.85","238",,"https://www.etsy.com/listing/1860958596/vintage-balinese-wood-carving-panel-with?click_key=b5eaa3a1-154f-483e-9e66-36b9a7816e46%3ALTa96e6d21c42616dfdc44c7a1f9df89db1405e4a3&click_sum=4bd1a1df&ls=s&ga_order=most_relevant&ga_search_type=all&ga_view_type=gallery&ga_search_query=balinese&ref=sr_gallery-4-2&organic_search_click=1&frs=1&sts=1&content_source=b5eaa3a1-154f-483e-9e66-36b9a7816e46%253ALTa96e6d21c42616dfdc44c7a1f9df89db1405e4a3"
,"13","8","Balinese Rama Sita Carved Wood Figurine","$325.00","44","sbarlecchino","4.94","44",,"https://www.etsy.com/listing/825451869/balinese-rama-sita-carved-wood-figurine?click_key=e1259647-995d-4f5f-a024-a18a5d492518%3ALT980b13e74b93afd99c8e084707b309dbeb33bf46&click_sum=fbf5fe7a&ls=s&ga_order=most_relevant&ga_search_type=all&ga_view_type=gallery&ga_search_query=balinese+decor&ref=sr_gallery-4-1&organic_search_click=1&content_source=e1259647-995d-4f5f-a024-a18a5d492518%253ALT980b13e74b93afd99c8e084707b309dbeb33bf46"
,"36","10","Small Macrame Tabletop Umbrella: Balinese Boho Decor","$42.57","745","33imports","4.81","745",,"https://www.etsy.com/listing/1088971684/small-macrame-tabletop-umbrella-balinese?click_key=EuddBlk9c8oLp3JaT62QwbV1dle3%3ALT198924e67a454b9d6aefb094b230c86a615a5ba2&click_sum=6b156c9f&ls=a&ga_order=most_relevant&ga_search_type=all&ga_view_type=gallery&ga_search_query=balinese+decor&ref=sc_gallery-4-4&frs=1&cns=1"
,"0","12","Vintage Balinese Hand-Carved Wood Sculpture, Woman with Pig, Mid-Century Boho Decor","$95.00","30","PeachAndThePastCo","5","30",,"https://www.etsy.com/listing/4495151432/vintage-balinese-hand-carved-wood?click_key=78643b10-db3b-474b-b162-92008998eaf1%3ALTbf89e868a8a1c06988880cea48060662f00d8d5f&click_sum=db5f8f1d&ls=s&ga_order=most_relevant&ga_search_type=all&ga_view_type=gallery&ga_search_query=balinese+art&ref=sr_gallery-3-1&organic_search_click=1&frs=1&sts=1&content_source=78643b10-db3b-474b-b162-92008998eaf1%253ALTbf89e868a8a1c06988880cea48060662f00d8d5f"
,"37","10","4 Pcs Pure Copper Vajra,Creative Handmade Buddha Vajra Handicraft Collection Decoration,Tibetan Dorje Buddhism Mahakala Buddha amulet AA069","$85.00","4313","Featureshandmade","4.81","4300",,"https://www.etsy.com/listing/4337542590/4-pcs-pure-copper-vajracreative-handmade?click_key=ace7e9df-5561-4acd-9518-863393d5b0ec%3ALT4803c4bbb96932bfd35297aa4b3446de0b992c88&click_sum=33446bc7&ls=s&ga_order=most_relevant&ga_search_type=all&ga_view_type=gallery&ga_search_query=balinese%2Bhandmade&ref=sr_gallery-5-2&organic_search_click=1&frs=1&sts=1&content_source=ace7e9df-5561-4acd-9518-863393d5b0ec%253ALT4803c4bbb96932bfd35297aa4b3446de0b992c88"
,"11","10","Antique Handmade Madonna with Crescent Moon","$585.00","337","huntergathererbiz","4.79","337",,"https://www.etsy.com/listing/1566918106/antique-handmade-madonna-with-crescent?click_key=ace7e9df-5561-4acd-9518-863393d5b0ec%3ALT68fcb75af6a264edf969fd3d642b03ed6366b049&click_sum=38ffbb52&ls=s&ga_order=most_relevant&ga_search_type=all&ga_view_type=gallery&ga_search_query=balinese%2Bhandmade&ref=sr_gallery-5-1&organic_search_click=1&content_source=ace7e9df-5561-4acd-9518-863393d5b0ec%253ALT68fcb75af6a264edf969fd3d642b03ed6366b049"
,"34","10","Bali Indonesia Travel Art Print Showcasing Tranquil Temple Reflection in a Tropical Garden with Lush Palms and Exotic Flowers, Unique Gift","$17.11+","47","VoyaTerra","4.9","47",,"https://www.etsy.com/listing/1867491941/bali-indonesia-travel-art-print?click_key=EuHaXYeCYh8TM0bVl-6VYloJeu21%3ALT4c1badd1f955cd025a93e0929e6277e99c41aab8&click_sum=0f7f297c&ls=a&ga_order=most_relevant&ga_search_type=all&ga_view_type=gallery&ga_search_query=balinese+art&ref=sc_gallery-3-4&pro=1&sts=1"
,"1156","8","Lanna Lotus Mandala Headboard | Hand-Carved Thai Teak Wood Art | 72” King Size Bed Panel | Reclaimed Teak Floral Wall Decor | Boho Bedroom","$269.10","210","SiamSawadeeDecor","4.78","210",,"https://www.etsy.com/listing/4413615212/lanna-lotus-mandala-headboard-o-hand?click_key=EuPFOzDX5Yx15cCjWOz_Nxa51O2b%3ALT83d646a0ec46deb30182b6ea535895f63d8e0fd4&click_sum=d0c7a451&ls=a&ga_order=most_relevant&ga_search_type=all&ga_view_type=gallery&ga_search_query=balinese+furniture&ref=sc_gallery-3-2&pro=1&sts=1"
,"0","8","Sisik Naga Collection 18k Gold & 925 Sterling Silver Kick Cuff Bangle with white Topaz, Bali Handmade Bangle, Balinese Jewelry, Gift for Her","$925.00","82","SterlingSilverBali","4.95","82",,"https://www.etsy.com/listing/1665273877/sisik-naga-collection-18k-gold-925?click_key=Euz0PYzfM7v_Uugd0Vt5liLQ_Zcf%3ALT9ee13b877507f4b6fa8c74a4fb72077c1ce5b2f8&click_sum=3376b0aa&ls=a&ga_order=most_relevant&ga_search_type=all&ga_view_type=gallery&ga_search_query=balinese&ref=sc_gallery-4-3&frs=1"
,"41","9","Carved Daybed Twin Size","$4,500.00","56","GadoGadoFurniture","4.98","56",,"https://www.etsy.com/listing/1211904750/carved-daybed-twin-size?click_key=EuPFOzDX5Yx15cCjWOz_Nxa51O2b%3ALT66d7a7486c5f9508e5b110e61fda226249f09379&click_sum=3aec333e&ls=a&ga_order=most_relevant&ga_search_type=all&ga_view_type=gallery&ga_search_query=balinese+furniture&ref=sc_gallery-3-3"
,"104","10","Triple Mudra Buddha Panel Hand Carved Suar Wood Bali Wall Sculpture Balinese Art","$198.00","2751","acadiaworldtraders2","4.93","2800",,"https://www.etsy.com/listing/1521879303/triple-mudra-buddha-panel-hand-carved?click_key=EuPFOzDX5Yx15cCjWOz_Nxa51O2b%3ALTac89abd185c8ff6a0d847846236f2c6dd6a60b7d&click_sum=5c26d9e0&ls=a&ga_order=most_relevant&ga_search_type=all&ga_view_type=gallery&ga_search_query=balinese+furniture&ref=sc_gallery-3-4&frs=1&sts=1"
,"3","5","Vintage carved wooden plaques pair. Balinese mask. east Asian art. ebonised wood. wall hanging. ethnic chic.","$78.88","634","TheresLovely","4.98","634",,"https://www.etsy.com/listing/1306092373/vintage-carved-wooden-plaques-pair?click_key=aeadc25e-a8e8-4be4-83b2-00214b8fffe6%3ALT84c93ed57361e2e4e90b7b8fbe56b7d03242ea3b&click_sum=d05522ee&ls=s&ga_order=most_relevant&ga_search_type=all&ga_view_type=gallery&ga_search_query=balinese+mask&ref=sr_gallery-2-2&organic_search_click=1&sts=1&content_source=aeadc25e-a8e8-4be4-83b2-00214b8fffe6%253ALT84c93ed57361e2e4e90b7b8fbe56b7d03242ea3b"
,"0","20","Balinese Guardian Mask Gold Canvas Print, Ornate Tribal Face Artwork, Cultural Ethnic Wall Decor, Real Wood Frame","Now$55.95+","77","RanchReadyRustics","4.93","77",,"https://www.etsy.com/listing/4484631589/balinese-guardian-mask-gold-canvas-print?click_key=EuHaXYeCYh8TM0bVl-6VYloJeu21%3ALT5a19f37ca5bb772657f9fb360a6b412fb01d8bdb&click_sum=6e9eba19&ls=a&ga_order=most_relevant&ga_search_type=all&ga_view_type=gallery&ga_search_query=balinese+art&ref=sc_gallery-3-3&pro=1&frs=1&sts=1"
,"603","8","Balinese Twin Dragon Naga Relief Panel Hand Carved Wood Bali wall art 31""","$269.00","2751","acadiaworldtraders2","4.93","2800",,"https://www.etsy.com/listing/635728288/balinese-twin-dragon-naga-relief-panel?click_key=EuddBlk9c8oLp3JaT62QwbV1dle3%3ALT46abf81e7a1a9ac4c6c5ef8c6569840e652ce6c8&click_sum=4cc70ed8&ls=a&ga_order=most_relevant&ga_search_type=all&ga_view_type=gallery&ga_search_query=balinese+decor&ref=sc_gallery-4-2&frs=1&sca=1&sts=1"
,"100","19","Wooden Carved Bedside Cabinet Storage Desk Drawer Cupboard Nightstand Wooden Sideboard | Indian Floral Cabinet-Boho Home Decor-Console Table","$1,108.80+","195","SHRIBAANMATA","4.38","195",,"https://www.etsy.com/listing/1815493908/wooden-carved-bedside-cabinet-storage?click_key=238c822a-a3b9-4e15-8386-47932e1c6a8b%3ALT688cc8e60464fa85f1d086d39463016126b4f52f&click_sum=519dc369&ls=s&ga_order=most_relevant&ga_search_type=all&ga_view_type=gallery&ga_search_query=balinese+furniture&ref=sr_gallery-3-1&organic_search_click=1&frs=1&cns=1&content_source=238c822a-a3b9-4e15-8386-47932e1c6a8b%253ALT688cc8e60464fa85f1d086d39463016126b4f52f"
,"39","10","Mens 999 Fine Silver Curb Chain Bracelet: Handmade Balinese Jewelry","Now$603.74+","599","Silvertrident","4.81","599",,"https://www.etsy.com/listing/1874232709/mens-999-fine-silver-curb-chain-bracelet?click_key=EuIPRCUeKyYB1QH_9-XmCvqV6Ica%3ALT925589900c95b75d61dd97656d339298f7c0b702&click_sum=5333eab4&ls=a&ga_order=most_relevant&ga_search_type=all&ga_view_type=gallery&ga_search_query=balinese+jewelry&ref=sc_gallery-3-4&pro=1&frs=1&local_signal_search=1"
,"18","12","Balinese Garuda Mask, Wood Carving Wall Hanging, Maroon 15.7 inch","$152.99","161","ArasBali","4.91","161",,"https://www.etsy.com/listing/1296402348/balinese-garuda-mask-wood-carving-wall?click_key=Euy65HQ59YBmV8L-EEdw_IPxoW7c%3ALT88ad6394f565d60339892e0e9f0f03db2a77b914&click_sum=2608e284&ls=a&ga_order=most_relevant&ga_search_type=all&ga_view_type=gallery&ga_search_query=balinese+mask&ref=sc_gallery-2-4&pro=1&cns=1&local_signal_search=1"
,"0","7","Balinese Hand-Carved Dark Rosewood Plaque of Rama and Sita from Hindu Mythology 12.5” x 6”","Now$43.20","470","BeeSweetCollective","4.97","470",,"https://www.etsy.com/listing/4491196918/balinese-hand-carved-dark-rosewood?click_key=b5eaa3a1-154f-483e-9e66-36b9a7816e46%3ALT46a04083e3341c1e601bf18415eab45a86c224d9&click_sum=0ed1d010&ls=s&ga_order=most_relevant&ga_search_type=all&ga_view_type=gallery&ga_search_query=balinese&ref=sr_gallery-4-1&organic_search_click=1&pro=1&content_source=b5eaa3a1-154f-483e-9e66-36b9a7816e46%253ALT46a04083e3341c1e601bf18415eab45a86c224d9"
,"3","10","Balinese Carved Wood Mask Wall Art | 1980s Ornate Bali Face Sculpture | Indonesian Folk Art | Boho","Now$91.24","135","GreatGrandmasFinds","4.85","135",,"https://www.etsy.com/listing/4341429563/balinese-carved-wood-mask-wall-art-1980s?click_key=aeadc25e-a8e8-4be4-83b2-00214b8fffe6%3ALTc8c0f6a0a493c9d3c88b370414cca46c7527f7fd&click_sum=0bce4767&ls=s&ga_order=most_relevant&ga_search_type=all&ga_view_type=gallery&ga_search_query=balinese+mask&ref=sr_gallery-2-1&organic_search_click=1&pro=1&sts=1&content_source=aeadc25e-a8e8-4be4-83b2-00214b8fffe6%253ALTc8c0f6a0a493c9d3c88b370414cca46c7527f7fd"
,"196","9","Hand Carved Balinese Rangda Mask: Polychrome Wood Carving Bali Folk Art","$229.00","2751","acadiaworldtraders2","4.93","2800",,"https://www.etsy.com/listing/747282149/hand-carved-balinese-rangda-mask?click_key=Euy65HQ59YBmV8L-EEdw_IPxoW7c%3ALTa5bef309ed59f670868292208ec15a5c8438117e&click_sum=910ba50a&ls=a&ga_order=most_relevant&ga_search_type=all&ga_view_type=gallery&ga_search_query=balinese+mask&ref=sc_gallery-2-3&frs=1&sts=1"
,"0","12","Vintage Balinese Hand-Carved Wood Sculpture, Woman with Pig, Mid-Century Boho Decor","$95.00","30","PeachAndThePastCo","5","30",,"https://www.etsy.com/listing/4495151432/vintage-balinese-hand-carved-wood?click_key=e1259647-995d-4f5f-a024-a18a5d492518%3ALT45c14e81f574e6a8c6947c6fc650d2082e4f491b&click_sum=43ceb419&ls=s&ga_order=most_relevant&ga_search_type=all&ga_view_type=gallery&ga_search_query=balinese+decor&ref=sr_gallery-4-2&organic_search_click=1&frs=1&sts=1&content_source=e1259647-995d-4f5f-a024-a18a5d492518%253ALT45c14e81f574e6a8c6947c6fc650d2082e4f491b"
,"0","14","Balinese Temple Ceremony Photography Canvas Print","$58.27+","0","EthniqueChiqueStore",,"0",,"https://www.etsy.com/listing/4463498465/balinese-temple-ceremony-photography?click_key=EuddBlk9c8oLp3JaT62QwbV1dle3%3ALTdecd63efe9be833a77226928a13d0aa8f4d57a9d&click_sum=a052add4&ls=a&ga_order=most_relevant&ga_search_type=all&ga_view_type=gallery&ga_search_query=balinese+decor&ref=sc_gallery-4-3"
,"9","10","Vintage Hand Carved Ebony Wood Statue of the Balinese goddess Dewi Sri","Now$104.34","623","ARTICTAC","4.85","623",,"https://www.etsy.com/listing/4357618873/vintage-hand-carved-ebony-wood-statue-of?click_key=238c822a-a3b9-4e15-8386-47932e1c6a8b%3ALT7172cfd4d61c3c6acbeb0ca665eedc8c940ca69c&click_sum=83634eca&ls=s&ga_order=most_relevant&ga_search_type=all&ga_view_type=gallery&ga_search_query=balinese+furniture&ref=sr_gallery-3-2&organic_search_click=1&pro=1&cns=1&sts=1&content_source=238c822a-a3b9-4e15-8386-47932e1c6a8b%253ALT7172cfd4d61c3c6acbeb0ca665eedc8c940ca69c"
,"10","10","Balinese Hand Carved Wood Sculpture, Solid Wood Janger Dancer - Bali Art Figurine, Ethnic Home Decor, Vintage Tribal Sculpture Artisan Piece","$385.00","2","MaisonVucino","5","2",,"https://www.etsy.com/listing/4310880450/balinese-hand-carved-wood-sculpture?click_key=78643b10-db3b-474b-b162-92008998eaf1%3ALT3344deab9797da76bfbda945840ada709851d879&click_sum=351d7af9&ls=s&ga_order=most_relevant&ga_search_type=all&ga_view_type=gallery&ga_search_query=balinese+art&ref=sr_gallery-3-2&organic_search_click=1&frs=1&content_source=78643b10-db3b-474b-b162-92008998eaf1%253ALT3344deab9797da76bfbda945840ada709851d879"
,"11","6","Handmade Damascus Steel Kitchen Knife Set | Wood & Resin Handle, 7-Piece Chef Set","$165.00+","5","RomanBlade","5","5",,"https://www.etsy.com/listing/4417762977/handmade-damascus-steel-kitchen-knife?click_key=d8e5a621-b166-4424-8dd0-e00bdffa6d5a%3ALT245b47a3afa1dc105872f646aed754ede9fac7a8&click_sum=d6051d2f&ls=s&ga_order=most_relevant&ga_search_type=all&ga_view_type=gallery&ga_search_query=balinese%2Bhandmade&ref=sr_gallery-6-1&organic_search_click=1&pro=1&frs=1&cns=1&content_source=d8e5a621-b166-4424-8dd0-e00bdffa6d5a%253ALT245b47a3afa1dc105872f646aed754ede9fac7a8"
,"4903","9","Bohemian Loom Knit Cardigan: Tasseled Handmade Knitted Crochet Sweater, by Lavender Tribe Design","Now$59.20","9091","LavenderTribeDesign","4.88","9100",,"https://www.etsy.com/listing/1519819575/bohemian-loom-knit-cardigan-tasseled?click_key=d8e5a621-b166-4424-8dd0-e00bdffa6d5a%3ALT599e6a8bddc1548fa7b3828d3b72095c1e8c11fd&click_sum=4bdf3832&ls=s&ga_order=most_relevant&ga_search_type=all&ga_view_type=gallery&ga_search_query=balinese%2Bhandmade&ref=sr_gallery-6-2&organic_search_click=1&pro=1&frs=1&bes=1&sts=1&content_source=d8e5a621-b166-4424-8dd0-e00bdffa6d5a%253ALT599e6a8bddc1548fa7b3828d3b72095c1e8c11fd"
,"0","20","Hand Carved Sea Shell Dragon Sculpture 9.1 inch, Balinese Art Decor, Unique Home Accent","Now$269.99","161","ArasBali","4.91","161",,"https://www.etsy.com/listing/4490058628/hand-carved-sea-shell-dragon-sculpture?click_key=Euw_eA1CYaxwzbH8uqUqSMCn3qfd%3ALT5c5da93a02e7910e83d5f396d4f8f50e17e60e71&click_sum=23f497a1&ls=a&ga_order=most_relevant&ga_search_type=all&ga_view_type=gallery&ga_search_query=balinese+art&ref=sc_gallery-4-1&pro=1&local_signal_search=1"
,"3","7","Vintage Balinese Temple Dancer Hand Carved Figurine Traditional Indonesian Sculpture Bali Folklore","$68.90","2311","CinfulOldies","4.96","2300",,"https://www.etsy.com/listing/4425257531/vintage-balinese-temple-dancer-hand?click_key=00fca19a-08ed-4c60-9d91-5fbc1caa3e74%3ALTa86e9f6b1d6cb18b0ccf817a6edae98c4fd13d36&click_sum=c93b0c3e&ls=s&ga_order=most_relevant&ga_search_type=all&ga_view_type=gallery&ga_search_query=balinese+art&ref=sr_gallery-4-1&organic_search_click=1&sts=1&content_source=00fca19a-08ed-4c60-9d91-5fbc1caa3e74%253ALTa86e9f6b1d6cb18b0ccf817a6edae98c4fd13d36"
,"51","5","Balinese Lotus Bud Panel architectural Relief Wood Carving Bali wall Art teal 24""","$149.00","2751","acadiaworldtraders2","4.93","2800",,"https://www.etsy.com/listing/1754548036/balinese-lotus-bud-panel-architectural?click_key=EuOMEhcs3g18W7Lyk5Pd3bA1aZ85%3ALTcf27749e65e966ca6178eadb5672962100d24530&click_sum=10aabc0d&ls=a&ga_order=most_relevant&ga_search_type=all&ga_view_type=gallery&ga_search_query=balinese+product&ref=sc_gallery-5-1&frs=1&sts=1"
,"264","4","Infinite Faces Buddha Panel - Hand Carved Wood Sculpture, Bali Wall Art, Balinese Folk Art 23"" Decorative Piece","$129.00","2751","acadiaworldtraders2","4.93","2800",,"https://www.etsy.com/listing/857300844/infinite-faces-buddha-panel-hand-carved?click_key=Euw_eA1CYaxwzbH8uqUqSMCn3qfd%3ALT0a5ff316f507729afb300d44f37f4a81a97c5315&click_sum=95081f27&ls=a&ga_order=most_relevant&ga_search_type=all&ga_view_type=gallery&ga_search_query=balinese+art&ref=sc_gallery-4-2&frs=1&sts=1"
,"22","10","PAPER WAXED Umbrella, Yellow Pool Umbrella, Boho Umbrella, Garden Umbrella","$391.05","745","33imports","4.81","745",,"https://www.etsy.com/listing/1677331526/paper-waxed-umbrella-yellow-pool?click_key=EuxwjOTF8XCsKl7zFVhXfN3B7p05%3ALT872291aa98ced5cf69e7ef1d84def712b090097f&click_sum=3ded8bf7&ls=a&ga_order=most_relevant&ga_search_type=all&ga_view_type=gallery&ga_search_query=balinese+furniture&ref=sc_gallery-4-2&frs=1&sca=1"
,"348","5","Balinese Lotus Panel architectural Relief Wood Carving Bali wall Art teal 24""","$149.00","2751","acadiaworldtraders2","4.93","2800",,"https://www.etsy.com/listing/910540505/balinese-lotus-panel-architectural?click_key=EuxwjOTF8XCsKl7zFVhXfN3B7p05%3ALT4868b81160b1c99ea17b9a367e8ad4cef3ef9fa5&click_sum=b800d30d&ls=a&ga_order=most_relevant&ga_search_type=all&ga_view_type=gallery&ga_search_query=balinese+furniture&ref=sc_gallery-4-1&frs=1&sts=1"
,"16","10","Vintage Balinese Wood Wall Panels: Hand Carved Polychrome Indonesian Decor","$201.36","199","LaBoutiqueDeMemoires","4.83","199",,"https://www.etsy.com/listing/4358081685/vintage-balinese-wood-wall-panels-hand?click_key=51b19319-facc-4c99-9fce-fce628a42363%3ALT6ccda4ae6d2aeb1c1116e992af04c9f92e9a1691&click_sum=1bc5cf28&ls=s&ga_order=most_relevant&ga_search_type=all&ga_view_type=gallery&ga_search_query=balinese+furniture&ref=sr_gallery-4-1&organic_search_click=1&content_source=51b19319-facc-4c99-9fce-fce628a42363%253ALT6ccda4ae6d2aeb1c1116e992af04c9f92e9a1691"
,"2","7","Handcrafted Tibetan Foldable Table: Intricate Hand-Painted Boho Decor","Now$1,505.33","9","BuddhaEyeStore","5","9",,"https://www.etsy.com/listing/4306691379/handcrafted-tibetan-foldable-table?click_key=51b19319-facc-4c99-9fce-fce628a42363%3ALT144b983bbe9b24ed466eb2476be7d5e54b893b3c&click_sum=04271e08&ls=s&ga_order=most_relevant&ga_search_type=all&ga_view_type=gallery&ga_search_query=balinese+furniture&ref=sr_gallery-4-2&organic_search_click=1&pro=1&frs=1&content_source=51b19319-facc-4c99-9fce-fce628a42363%253ALT144b983bbe9b24ed466eb2476be7d5e54b893b3c"
,"6","20","African Baule Mask Carved Wood Yellow Face Horns Côte d’Ivoire Tribal Decor-G5977","$157.00","1641","spiritsspeaks","4.8","1600",,"https://www.etsy.com/listing/4415543919/african-baule-mask-carved-wood-yellow?click_key=EuVo7YZvGM6QfM2d7M99BQ6m4p6f%3ALT57ff27d87f149101933b7308328680a85f7d51d2&click_sum=8f07aca1&ls=a&ga_order=most_relevant&ga_search_type=all&ga_view_type=gallery&ga_search_query=balinese+mask&ref=sc_gallery-3-1&pro=1&frs=1&cns=1&sts=1"
,"46","13","Om Mandala Wood Carving Wall Art, Balinese Decor (20x20 inch)","$206.10","161","ArasBali","4.91","161",,"https://www.etsy.com/listing/1224599111/unique-wall-hanging-decor-mandala-wall?click_key=EuKlBHShgrJREDuqZGCIfacqV-a2%3ALTd58ebfb66eb204d44f8436d943db018bbd24348c&click_sum=4bf24ad2&ls=a&ga_order=most_relevant&ga_search_type=all&ga_view_type=gallery&ga_search_query=balinese&ref=sc_gallery-5-1&pro=1&cns=1&local_signal_search=1"
,"91","10","Bali Incense Sticks, Handmade Organic Balinese Incense from Indonesia for Everyday Use, Ubud Bali Vibes Indonesia, Natural Gift from Bali","Now$11.20","5202","EverestTrader","4.89","5200",,"https://www.etsy.com/listing/1860149245/bali-incense-sticks-handmade-organic?click_key=EuKlBHShgrJREDuqZGCIfacqV-a2%3ALT826c19260c3facead9f80c4a5eca39539d08a4e8&click_sum=1c597956&ls=a&ga_order=most_relevant&ga_search_type=all&ga_view_type=gallery&ga_search_query=balinese&ref=sc_gallery-5-2&pro=1&sts=1"
,"0","10","Rare Vintage Art Deco/MCM Pita Maha Balinese Bali Bookend Wood Sculpture","$295.00","66","Poodlesandwhimsy","4.91","66",,"https://www.etsy.com/listing/4472342670/rare-vintage-art-decomcm-pita-maha?click_key=ab47fbd5-b22a-48c6-a670-23ef195d29eb%3ALTec530c33f1b9b5993f768502b0529d960f340110&click_sum=2e13a153&ls=s&ga_order=most_relevant&ga_search_type=all&ga_view_type=gallery&ga_search_query=balinese&ref=sr_gallery-5-1&organic_search_click=1&content_source=ab47fbd5-b22a-48c6-a670-23ef195d29eb%253ALTec530c33f1b9b5993f768502b0529d960f340110"
,"50","13","Krishna and Arjuna Wood Carving 20 inch, Mahabharata War, Balinese Wall Art, Holiday Decor","$323.99","161","ArasBali","4.91","161",,"https://www.etsy.com/listing/1198379542/krishna-and-arjuna-in-mahabharata-war-20?click_key=Eu3f0SvAGRpWDD5DCnpn1yn7fLe7%3ALT0b27f1df2a7500ffa4bc2290eb1d5a8b5ceb4316&click_sum=14646fb4&ls=a&ga_order=most_relevant&ga_search_type=all&ga_view_type=gallery&ga_search_query=balinese+decor&ref=sc_gallery-5-1&pro=1&local_signal_search=1"
,"1534","8","Rainbow Moonstone Sterling Silver Statement Bib Necklace: Victorian Dangle, Balinese Design—SCARLET","$600.00","876","BluemoonstoneJewel","4.98","876",,"https://www.etsy.com/listing/596333130/rainbow-moonstone-sterling-silver?click_key=EuWPBO03-nBS05vnTL3Bt9ON6s9e%3ALTb0c4ec0ef225a7bdfd06813d94e741c46d3fd4b3&click_sum=2e6c1f97&ls=a&ga_order=most_relevant&ga_search_type=all&ga_view_type=gallery&ga_search_query=balinese+jewelry&ref=sc_gallery-4-1&frs=1&sca=1&sts=1"
,"264","4","Infinite Faces Buddha Panel - Hand Carved Wood Sculpture, Bali Wall Art, Balinese Folk Art 23"" Decorative Piece","$129.00","2751","acadiaworldtraders2","4.93","2800",,"https://www.etsy.com/listing/857300844/infinite-faces-buddha-panel-hand-carved?click_key=Eu3f0SvAGRpWDD5DCnpn1yn7fLe7%3ALTd94fdd1513c31c66c1c82baf359bff44630f5f2e&click_sum=6a731c72&ls=a&ga_order=most_relevant&ga_search_type=all&ga_view_type=gallery&ga_search_query=balinese+decor&ref=sc_gallery-5-2&frs=1&sts=1"
,"9","6","Brass or Silver Plated Barong Ornamental Pattern Unisex Clicker Ear Weight-New Co-Stretched Ear-Body Modification-Tribal Jewel-Balinese Myth","$147.05+","916","JerichoArtJewels","4.76","916",,"https://www.etsy.com/listing/4432000648/brass-barong-ornamental-pattern-unisex?click_key=34fbdb42-ae0d-4c85-8b62-b92b7e3e77a6%3ALTc29c12faf147ac971fdd265d0c2127a81d4a43c0&click_sum=668ebc1c&ls=s&ga_order=most_relevant&ga_search_type=all&ga_view_type=gallery&ga_search_query=balinese+jewelry&ref=sr_gallery-4-1&organic_search_click=1&content_source=34fbdb42-ae0d-4c85-8b62-b92b7e3e77a6%253ALTc29c12faf147ac971fdd265d0c2127a81d4a43c0"
,"3","5","Dewi Bali Sterling Silver & Red Garnet Earrings – Handcrafted in Celuk","$96.00","7","TokoBaliBoutique","5","7",,"https://www.etsy.com/listing/4391994368/dewi-bali-silver-garnet-earrings?click_key=34fbdb42-ae0d-4c85-8b62-b92b7e3e77a6%3ALT3492e81037d6e9458f5c2c681244a05e160cabc6&click_sum=9944ef85&ls=s&ga_order=most_relevant&ga_search_type=all&ga_view_type=gallery&ga_search_query=balinese+jewelry&ref=sr_gallery-4-2&organic_search_click=1&frs=1&content_source=34fbdb42-ae0d-4c85-8b62-b92b7e3e77a6%253ALT3492e81037d6e9458f5c2c681244a05e160cabc6"
,"18","10","Handmade Amethyst 925 Sterling Silver Earrings, Balinese Design","Now$63.75","63","SanSanJewelryID","4.88","63",,"https://www.etsy.com/listing/1100163403/amethyst-earrings-gift-mothers-day-gift?click_key=EuWPBO03-nBS05vnTL3Bt9ON6s9e%3ALT7bbc4abb47ab8062ff6325ed51ae204d15a9da4e&click_sum=9554a1d5&ls=a&ga_order=most_relevant&ga_search_type=all&ga_view_type=gallery&ga_search_query=balinese+jewelry&ref=sc_gallery-4-2&pro=1&local_signal_search=1"
,"7","10","White Mabe Pearl Dangle Earrings: Bali Sterling Silver, Lightweight. With Back unique design","$94.00","95","AHJewelryDesigner","4.76","95",,"https://www.etsy.com/listing/4363102917/blue-mabe-pearl-dangle-earrings-bali?click_key=EuWPBO03-nBS05vnTL3Bt9ON6s9e%3ALT9d54351a10e93c41c6639645df7d8ccd01be82ba&click_sum=e9541187&ls=a&ga_order=most_relevant&ga_search_type=all&ga_view_type=gallery&ga_search_query=balinese+jewelry&ref=sc_gallery-4-3&frs=1&cns=1"
,"7","4","Balinese Wooden Puzzle Box beautifully made to a incredible high quality. Finished with a stain and soft beeswax polish (10x5cm)","$30.99","269","EasternEscapade","4.9","269",,"https://www.etsy.com/listing/1833519887/balinese-wooden-puzzle-box-beautifully?click_key=EuWPBO03-nBS05vnTL3Bt9ON6s9e%3ALTe246c144771519a250fed0975aaffbb029176d5d&click_sum=625f7a3e&ls=a&ga_order=most_relevant&ga_search_type=all&ga_view_type=gallery&ga_search_query=balinese+jewelry&ref=sc_gallery-4-4&cns=1"
,"201","10","Balinese Garuda Mask: Hand Carved Wood Eagle, Ethnic Wall Decor","$129.00","2751","acadiaworldtraders2","4.93","2800",,"https://www.etsy.com/listing/1095507309/balinese-garuda-mask-hand-carved-wood?click_key=21c9f305-8735-4c15-b27d-5060d3053242%3ALTece848824bef9e101ad724133159d6b8c788dc5c&click_sum=ac6783e7&ls=s&ga_order=most_relevant&ga_search_type=all&ga_view_type=gallery&ga_search_query=balinese+mask&ref=sr_gallery-3-1&organic_search_click=1&frs=1&sts=1&content_source=21c9f305-8735-4c15-b27d-5060d3053242%253ALTece848824bef9e101ad724133159d6b8c788dc5c"
,"192","9","Bali Fringe Umbrella: Tassel Umbrellas with Shells","$297.00","745","33imports","4.81","745",,"https://www.etsy.com/listing/1676017454/bali-fringe-umbrella-tassel-umbrellas?click_key=EuKlBHShgrJREDuqZGCIfacqV-a2%3ALT93fd9075cedfe793b26eca9a334996daac9ca127&click_sum=cdb3f115&ls=a&ga_order=most_relevant&ga_search_type=all&ga_view_type=gallery&ga_search_query=balinese&ref=sc_gallery-5-4&frs=1"
,"0","9","Hand Carved Teak Hanuman Mask, Balinese Wall Art Decor","$382.00","30","SuwetaArtShop","4.85","30",,"https://www.etsy.com/listing/1374567712/hand-carved-teak-hanuman-mask-balinese?click_key=2fcbf7e2-120a-4fec-b80b-13b603ec40b8%3ALTba609ed9f8c32fc89af919c5b460f51b6c53957b&click_sum=f88d4a4a&ls=s&ga_order=most_relevant&ga_search_type=all&ga_view_type=gallery&ga_search_query=balinese%2Bhandmade&ref=sr_gallery-7-1&organic_search_click=1&local_signal_search=1&content_source=2fcbf7e2-120a-4fec-b80b-13b603ec40b8%253ALTba609ed9f8c32fc89af919c5b460f51b6c53957b"
,"0","10","Rangda Wooden Bali Mask, Balinese Calonarang Wall Decor","$272.00","30","SuwetaArtShop","4.85","30",,"https://www.etsy.com/listing/1214741269/rangda-wooden-bali-mask-balinese?click_key=2fcbf7e2-120a-4fec-b80b-13b603ec40b8%3ALT1a1fe00db972ff95d7e34a3cc5754f2bcd4e98a5&click_sum=ed74b7d7&ls=s&ga_order=most_relevant&ga_search_type=all&ga_view_type=gallery&ga_search_query=balinese%2Bhandmade&ref=sr_gallery-7-2&organic_search_click=1&local_signal_search=1&content_source=2fcbf7e2-120a-4fec-b80b-13b603ec40b8%253ALT1a1fe00db972ff95d7e34a3cc5754f2bcd4e98a5"
,"15","2","Luxury Embroidered Balinese Sarong Fabric Traditional Indonesian Wrap Skirt Kamen for Kebaya and Wedding Custom Sewn Cloth","$29.96","9","JitoArt","3.17","9",,"https://www.etsy.com/listing/4403407735/luxury-embroidered-balinese-sarong?click_key=EuOMEhcs3g18W7Lyk5Pd3bA1aZ85%3ALT4d57c455a5d2d6f25fb12bbc56d635914956a104&click_sum=d78818e6&ls=a&ga_order=most_relevant&ga_search_type=all&ga_view_type=gallery&ga_search_query=balinese+product&ref=sc_gallery-5-3&pro=1&local_signal_search=1"
,"11","10","Handmade, Carved Mid Century Style Floral Queen Headboard ! Distressed Antique Natural Finish","Now$1,160.24+","6","GlobalArtCraftss","4.9","6",,"https://www.etsy.com/listing/4380935219/handmade-carved-mid-century-style-floral?click_key=EuxwjOTF8XCsKl7zFVhXfN3B7p05%3ALTa2d10bacb2b30d0d8b773ff62469b4e057334528&click_sum=4e9094df&ls=a&ga_order=most_relevant&ga_search_type=all&ga_view_type=gallery&ga_search_query=balinese+furniture&ref=sc_gallery-4-4&pro=1&frs=1"
,"18","10","Vintage Balinese Carved Panels - Two Figures","Now$123.25","246","RUSTandHUE","4.98","246",,"https://www.etsy.com/listing/1437176519/vintage-balinese-carved-panels-two?click_key=2cd499b5-ee12-427f-9148-2c9c4c3bfb29%3ALT64171a89e0c4e089ce22296db22fcfa262f797b2&click_sum=44e76f8d&ls=s&ga_order=most_relevant&ga_search_type=all&ga_view_type=gallery&ga_search_query=balinese+decor&ref=sr_gallery-5-2&organic_search_click=1&pro=1&frs=1&content_source=2cd499b5-ee12-427f-9148-2c9c4c3bfb29%253ALT64171a89e0c4e089ce22296db22fcfa262f797b2"
,"158","10","Bali Rice Terraces Print Set: Tropical Landscape Photography, Nature-Inspired Wall Art","Now$71.39+","192","ChamonixPrintsStudio","4.94","192",,"https://www.etsy.com/listing/1517126583/bali-rice-terraces-print-set-tropical?click_key=Euw_eA1CYaxwzbH8uqUqSMCn3qfd%3ALTf05c6da808a5f41bb74b50be6170f1ac900d9856&click_sum=03bdbe00&ls=a&ga_order=most_relevant&ga_search_type=all&ga_view_type=gallery&ga_search_query=balinese+art&ref=sc_gallery-4-3&pro=1&frs=1"
,"5","15","Vintage Pair of Carved Ebony Wood Crane Bird Bookends, Balinese Art, Mid Century Decor","$50.58","21","gardenarchive","5","21",,"https://www.etsy.com/listing/4482398149/vintage-pair-of-carved-ebony-wood-crane?click_key=2cd499b5-ee12-427f-9148-2c9c4c3bfb29%3ALT1b21851e5396f2172a7ed05cb89fa0bec2a58cc5&click_sum=70f962b6&ls=s&ga_order=most_relevant&ga_search_type=all&ga_view_type=gallery&ga_search_query=balinese+decor&ref=sr_gallery-5-1&organic_search_click=1&cns=1&content_source=2cd499b5-ee12-427f-9148-2c9c4c3bfb29%253ALT1b21851e5396f2172a7ed05cb89fa0bec2a58cc5"
,"420","10","18K Gold Vermeil Rainbow Moonstone Crescent Moon Necklace: Handmade Balinese Style Celestial Necklace—SELENE","$330.00+","876","BluemoonstoneJewel","4.98","876",,"https://www.etsy.com/listing/1746590397/18k-gold-vermeil-rainbow-moonstone?click_key=Euw_eA1CYaxwzbH8uqUqSMCn3qfd%3ALTf4d83214846d7ba2d434a8df8b2b331de3e3fc06&click_sum=0b63296d&ls=a&ga_order=most_relevant&ga_search_type=all&ga_view_type=gallery&ga_search_query=balinese+art&ref=sc_gallery-4-4&frs=1&cns=1&sts=1"
,"0","9","Hand-Carved Balinese Naga Raksha Mask in Frame | Authentic Wall Artwork","$210.08","0","EthniqueChiqueStore",,"0",,"https://www.etsy.com/listing/4492411232/hand-carved-balinese-naga-raksha-mask-in?click_key=EuVo7YZvGM6QfM2d7M99BQ6m4p6f%3ALT7d0a1cee34ba9bd0955c7b06d134746028f24f25&click_sum=51738084&ls=a&ga_order=most_relevant&ga_search_type=all&ga_view_type=gallery&ga_search_query=balinese+mask&ref=sc_gallery-3-3"
,"849","8","Hand-Carved Lanna Floral Mandala Headboard | Reclaimed Thai Teak Wood | Wall Art King Size 72” Boho Bedroom Decor | Brown Carved Panel","$269.10","210","SiamSawadeeDecor","4.78","210",,"https://www.etsy.com/listing/4413590689/hand-carved-lanna-floral-mandala?click_key=EuxwjOTF8XCsKl7zFVhXfN3B7p05%3ALTa2c923e88494532017f3c7366912f197e0b9e4d3&click_sum=439163ed&ls=a&ga_order=most_relevant&ga_search_type=all&ga_view_type=gallery&ga_search_query=balinese+furniture&ref=sc_gallery-4-3&pro=1&sts=1"
,"8","6","Balinese Ceremonial Wood Mask. Represents Rangda, the demon queen. Approximately 20 cm x 23 cm. (9""x7.84""). Hand-Made in Bali.","$65.00","332","jlccollectibles","4.98","332",,"https://www.etsy.com/listing/4448572668/balinese-ceremonial-wood-mask-represents?click_key=ab47fbd5-b22a-48c6-a670-23ef195d29eb%3ALT314537d2dc321c7c934f008ae51f645d5838b7b1&click_sum=4a99faa8&ls=s&ga_order=most_relevant&ga_search_type=all&ga_view_type=gallery&ga_search_query=balinese&ref=sr_gallery-5-2&organic_search_click=1&frs=1&sts=1&content_source=ab47fbd5-b22a-48c6-a670-23ef195d29eb%253ALT314537d2dc321c7c934f008ae51f645d5838b7b1"
,"86","6","Antique Gray Buddha Head Statue – Zen Spiritual Decor","$89.00","127","HariMauCreations","4.72","127",,"https://www.etsy.com/listing/4322367470/buddha-head-stone-statue-antique-gray?click_key=EuKlBHShgrJREDuqZGCIfacqV-a2%3ALTd84a8f0a42460c7ba1500390b90e0efe48377ffe&click_sum=1bb41108&ls=a&ga_order=most_relevant&ga_search_type=all&ga_view_type=gallery&ga_search_query=balinese&ref=sc_gallery-5-3&frs=1&sca=1&local_signal_search=1"
,"18","9","33CM Ancient Balinese Rangda Wooden Mask, Rare Barong Wood Carving, Indonesian Mask, Vintage Wall Hanging Mask, 19th Century's Wood Mask","$576.00","78","BaliBecikArtMarket","4.95","78",,"https://www.etsy.com/listing/1326246235/33cm-ancient-balinese-rangda-wooden-mask?click_key=21c9f305-8735-4c15-b27d-5060d3053242%3ALT243bbe4eee9801fac9b15cab41b16f83b476138a&click_sum=7ec7a63b&ls=s&ga_order=most_relevant&ga_search_type=all&ga_view_type=gallery&ga_search_query=balinese+mask&ref=sr_gallery-3-2&organic_search_click=1&local_signal_search=1&content_source=21c9f305-8735-4c15-b27d-5060d3053242%253ALT243bbe4eee9801fac9b15cab41b16f83b476138a"
,"2","7","Handwoven Bali Ikat Fabric – 100% Cotton | Traditional Indonesian Textile","$85.00","727","GlobalPilgrim","4.91","727",,"https://www.etsy.com/listing/4309800601/handwoven-bali-ikat-fabric-100-cotton-o?click_key=Eu3f0SvAGRpWDD5DCnpn1yn7fLe7%3ALTa8d745dd5b86455ba9dc99a1a92032555d54de4a&click_sum=33647d3d&ls=a&ga_order=most_relevant&ga_search_type=all&ga_view_type=gallery&ga_search_query=balinese+decor&ref=sc_gallery-5-4&frs=1"
,"10","10","Hand Carved Champaca Wood Elephant Mask, Balinese Wall Art, 15.7 inch","$269.99","161","ArasBali","4.91","161",,"https://www.etsy.com/listing/1634610182/hand-carved-champaca-wood-elephant-mask?click_key=EuVo7YZvGM6QfM2d7M99BQ6m4p6f%3ALT333fcf921745ecbf98d68d7788672d64ee4755a2&click_sum=d89eec00&ls=a&ga_order=most_relevant&ga_search_type=all&ga_view_type=gallery&ga_search_query=balinese+mask&ref=sc_gallery-3-2&pro=1&sca=1&local_signal_search=1"
,"0","13","Antique Balinese Carved Wood Dance Mask, Indonesian Art","$155.99","11","TheAntiquarianHouse","5","11",,"https://www.etsy.com/listing/4458697594/antique-balinese-carved-wood-dance-mask?click_key=EuOMEhcs3g18W7Lyk5Pd3bA1aZ85%3ALT264b1101b9db727fc7bc3db4cdf2bd65be57241c&click_sum=fc1e70fa&ls=a&ga_order=most_relevant&ga_search_type=all&ga_view_type=gallery&ga_search_query=balinese+product&ref=sc_gallery-5-4&frs=1"
,"14","7","Nadis Herbal Incense Sticks from Ubud Bali, Extra Thick Handmade Balinese Incense for Everyday Use, Ubud Bali Indonesia, Organic Ingredients","Now$12.00","5202","EverestTrader","4.89","5200",,"https://www.etsy.com/listing/1867435478/nadis-herbal-incense-sticks-from-ubud?click_key=EuOMEhcs3g18W7Lyk5Pd3bA1aZ85%3ALTcffb423d4f05f65b9366926805e6d492104fed4b&click_sum=65b238a5&ls=a&ga_order=most_relevant&ga_search_type=all&ga_view_type=gallery&ga_search_query=balinese+product&ref=sc_gallery-5-2&pro=1&sts=1"
,"28","10","Large Hand Carved Wooden Indonesian Barong Mask Face","$126.81","261","MerykAntiques","4.92","261",,"https://www.etsy.com/listing/4312101739/large-hand-carved-wooden-indonesian?click_key=7a0cea97-1a8e-4958-b325-c1c5c6331cb6%3ALTf83da4d3a047537cd312eef2a7371a6e04f494c7&click_sum=0b9cbd4a&ls=s&ga_order=most_relevant&ga_search_type=all&ga_view_type=gallery&ga_search_query=balinese+product&ref=sr_gallery-5-2&organic_search_click=1&cns=1&sts=1&content_source=7a0cea97-1a8e-4958-b325-c1c5c6331cb6%253ALTf83da4d3a047537cd312eef2a7371a6e04f494c7"
,"0","13","Vintage Balinese Figurative Painting Set | Signed KOS, Framed Wall Art","$751.00","5","CampWilsonandCo","5","5",,"https://www.etsy.com/listing/4404458967/vintage-balinese-figurative-painting-set?click_key=00fca19a-08ed-4c60-9d91-5fbc1caa3e74%3ALT3230a6642bdbfce42a00be0c6b8e503c2439c017&click_sum=d140ae3a&ls=s&ga_order=most_relevant&ga_search_type=all&ga_view_type=gallery&ga_search_query=balinese+art&ref=sr_gallery-4-2&organic_search_click=1&content_source=00fca19a-08ed-4c60-9d91-5fbc1caa3e74%253ALT3230a6642bdbfce42a00be0c6b8e503c2439c017"
,"7","5","Indonesian Balinese Painted Barong Mask","$74.88","837","MiaAntico","4.82","837",,"https://www.etsy.com/listing/1878286085/indonesian-balinese-painted-barong-mask?click_key=7a0cea97-1a8e-4958-b325-c1c5c6331cb6%3ALT9e566b50f4b818fbc342b35cbdf935518c1c4495&click_sum=4abf9455&ls=s&ga_order=most_relevant&ga_search_type=all&ga_view_type=gallery&ga_search_query=balinese+product&ref=sr_gallery-5-1&organic_search_click=1&content_source=7a0cea97-1a8e-4958-b325-c1c5c6331cb6%253ALT9e566b50f4b818fbc342b35cbdf935518c1c4495"
,"1272","10","Balinese Cyclops Demon Mask | Mata Besek One Eyed Monster|Carved Wood Bali Folk Art","$94.00","2751","acadiaworldtraders2","4.93","2800",,"https://www.etsy.com/listing/1081586814/balinese-cyclops-demon-mask-mata-besek?click_key=EufdvHfHEqfizor94vXuVFqavr6b%3ALTc918c1c583d53de72cfe8c3395716e0fbfb4ac83&click_sum=5895ce28&ls=a&ga_order=most_relevant&ga_search_type=all&ga_view_type=gallery&ga_search_query=balinese+mask&ref=sc_gallery-4-1&frs=1&sts=1"
,"0","20","African Tribal Wood Mask Hand Carved Face Sculpture Fiber Beard Decor-G6386","Now$143.73","1641","spiritsspeaks","4.8","1600",,"https://www.etsy.com/listing/4487230166/african-tribal-wood-mask-hand-carved?click_key=EufdvHfHEqfizor94vXuVFqavr6b%3ALTe66580c9e6e53e876b5b3dcb9c863ff7b1657b76&click_sum=d77d716c&ls=a&ga_order=most_relevant&ga_search_type=all&ga_view_type=gallery&ga_search_query=balinese+mask&ref=sc_gallery-4-2&pro=1&frs=1&sts=1"
,"4","8","Set of 2 Hand Carved Balinese Wooden Masks, Vintage Tribal Wall Art Decor","Now$39.12","102","PrairiesRarities","4.99","102",,"https://www.etsy.com/listing/4469637790/set-of-2-hand-carved-balinese-wooden?click_key=e4ebc549-6a3f-481c-a5de-f525e1f75110%3ALT19464a0ddc3843da9edce5477d4428a4cf660564&click_sum=8fe85f9f&ls=s&ga_order=most_relevant&ga_search_type=all&ga_view_type=gallery&ga_search_query=balinese+mask&ref=sr_gallery-4-1&organic_search_click=1&pro=1&cns=1&sts=1&content_source=e4ebc549-6a3f-481c-a5de-f525e1f75110%253ALT19464a0ddc3843da9edce5477d4428a4cf660564"
,"7","4","Vintage Handmade Crochet Bag | Woven Shoulder Bag | Wayuu Bag | Long Crochet Summer Handbag | Drawstring Bag | 90s Bag","$38.00","114","ThriftGatherShop","4.88","114",,"https://www.etsy.com/listing/1902209655/vintage-handmade-crochet-bag-woven?click_key=fa085dc4-9d7f-4375-bc55-65b24b039e02%3ALT316c3e9adb3d027b609de7e9d48ab3b0d29c3bee&click_sum=a49bbce4&ls=s&ga_order=most_relevant&ga_search_type=all&ga_view_type=gallery&ga_search_query=balinese%2Bhandmade&ref=sr_gallery-8-2&organic_search_click=1&frs=1&content_source=fa085dc4-9d7f-4375-bc55-65b24b039e02%253ALT316c3e9adb3d027b609de7e9d48ab3b0d29c3bee"
,"0","8","Songye Miniature Shield with Kifwebe Mask Icon Congo","Now$142.50","4325","africadirect","4.85","4300",,"https://www.etsy.com/listing/4295676762/songye-miniature-shield-with-kifwebe?click_key=fa085dc4-9d7f-4375-bc55-65b24b039e02%3ALTa26e82948a27b253fed19aca90bf313374633102&click_sum=38544e35&ls=s&ga_order=most_relevant&ga_search_type=all&ga_view_type=gallery&ga_search_query=balinese%2Bhandmade&ref=sr_gallery-8-1&organic_search_click=1&pro=1&sts=1&content_source=fa085dc4-9d7f-4375-bc55-65b24b039e02%253ALTa26e82948a27b253fed19aca90bf313374633102"
,"68","10","Sterling Silver Rainbow Moonstone Pendant Necklace: Handmade Boho-Chic Gemstone Necklace—LILI","$350.00+","876","BluemoonstoneJewel","4.98","876",,"https://www.etsy.com/listing/4330826309/sterling-silver-rainbow-moonstone?click_key=Eu423_PwUOzrQcogC2uWNUN7qHa0%3ALT4f62cadb939b66195290194f9d52ffcc59e1062b&click_sum=b374d3ea&ls=a&ga_order=most_relevant&ga_search_type=all&ga_view_type=gallery&ga_search_query=balinese&ref=sc_gallery-6-1&frs=1&sts=1"
,"18","12","Balinese Garuda Mask, Wood Carving Wall Hanging, Maroon 15.7 inch","$152.99","161","ArasBali","4.91","161",,"https://www.etsy.com/listing/1296402348/balinese-garuda-mask-wood-carving-wall?click_key=Eu423_PwUOzrQcogC2uWNUN7qHa0%3ALT9363cdca22f11a31741ba4af5fa7961999ec1127&click_sum=7670567f&ls=a&ga_order=most_relevant&ga_search_type=all&ga_view_type=gallery&ga_search_query=balinese&ref=sc_gallery-6-2&pro=1&cns=1&local_signal_search=1"
,"348","5","Balinese Lotus Panel architectural Relief Wood Carving Bali wall Art teal 24""","$149.00","2751","acadiaworldtraders2","4.93","2800",,"https://www.etsy.com/listing/910540505/balinese-lotus-panel-architectural?click_key=EuDFzxVf6msfAu8iOgRKQy5SDbc2%3ALT73f53b937e5d8a23b235af1e18fb078ee48c9919&click_sum=5047aff9&ls=a&ga_order=most_relevant&ga_search_type=all&ga_view_type=gallery&ga_search_query=balinese+product&ref=sc_gallery-6-1&frs=1&sts=1"
,"36","10","Balinese Indonesia Hand Carved Wood Figurines","Now$48.71+","348","MetamorphosART","4.9","348",,"https://www.etsy.com/listing/1399954478/balinese-indonesia-hand-carved-wood?click_key=e0c27316-2419-4aea-bf7a-0633067b8de3%3ALT5a8d4f7f4166c49a4f9fa79cc801511a0b6fce0b&click_sum=61833fbf&ls=s&ga_order=most_relevant&ga_search_type=all&ga_view_type=gallery&ga_search_query=balinese+product&ref=sr_gallery-6-1&organic_search_click=1&pro=1&content_source=e0c27316-2419-4aea-bf7a-0633067b8de3%253ALT5a8d4f7f4166c49a4f9fa79cc801511a0b6fce0b"
,"2","2","Bali Gaharu Agarwood Incense Sticks, Balinese Incense from Ubud Bali Indonesia for Everyday Use, Natural Gift from Bali","Now$11.20","5202","EverestTrader","4.89","5200",,"https://www.etsy.com/listing/4457945270/bali-gaharu-agarwood-incense-sticks?click_key=EuDFzxVf6msfAu8iOgRKQy5SDbc2%3ALT9c928648fe5a06fe2695d6599594bfd4fed890d3&click_sum=dbf3924d&ls=a&ga_order=most_relevant&ga_search_type=all&ga_view_type=gallery&ga_search_query=balinese+product&ref=sc_gallery-6-2&pro=1&sts=1"
,"2","12","Hand Carved Balinese Style Female Figure","$81.85","43","AntykAllure","4.84","43",,"https://www.etsy.com/listing/4442942064/hand-carved-balinese-style-female-figure?click_key=EuDFzxVf6msfAu8iOgRKQy5SDbc2%3ALTaf080076d711073dc960334ea5fab305a86eb3b1&click_sum=88404f31&ls=a&ga_order=most_relevant&ga_search_type=all&ga_view_type=gallery&ga_search_query=balinese+product&ref=sc_gallery-6-3&sts=1"
,"0","8","Vintage Balinese High Relief Intricate Wooden Carving Wall Hanging","$140.90","1","HillsAntiquesandHome","5","1",,"https://www.etsy.com/listing/4437924448/vintage-balinese-high-relief-intricate?click_key=e0c27316-2419-4aea-bf7a-0633067b8de3%3ALTd7a0c387b4e298b85321bb5df6fee7abaabc209b&click_sum=9e9590ee&ls=s&ga_order=most_relevant&ga_search_type=all&ga_view_type=gallery&ga_search_query=balinese+product&ref=sr_gallery-6-2&organic_search_click=1&content_source=e0c27316-2419-4aea-bf7a-0633067b8de3%253ALTd7a0c387b4e298b85321bb5df6fee7abaabc209b"
,"5","1","Glossy Kartini Kebaya Elegant and Comfortable Striped Batik Matching,Bali Kebaya,Balinese Dress,Kebaya Bali,Bali Blouse,Balinese Kebaya","$34.01","9","JitoArt","3.17","9",,"https://www.etsy.com/listing/4328046598/glossy-kartini-kebaya-elegant-and?click_key=EuDFzxVf6msfAu8iOgRKQy5SDbc2%3ALTb5db903a1b680680a89d66f7456654e03fcaf782&click_sum=693bd591&ls=a&ga_order=most_relevant&ga_search_type=all&ga_view_type=gallery&ga_search_query=balinese+product&ref=sc_gallery-6-4&pro=1&local_signal_search=1"
,"36","13","Handmade Balinese Cempaka Wood Carving, Krishna and Arjuna, Mahabharata War, 20 inch, office decor","$323.99","161","ArasBali","4.91","161",,"https://www.etsy.com/listing/1619179902/wooden-krishna-and-arjuna-in-mahabharata?click_key=EuhnBFb3NbzM2ur7M6Plfoe0yjc9%3ALTec315c8c04d4c83217af55167ddea616cc4d9314&click_sum=5f38e539&ls=a&ga_order=most_relevant&ga_search_type=all&ga_view_type=gallery&ga_search_query=balinese+art&ref=sc_gallery-5-1&pro=1&local_signal_search=1"
,"348","5","Balinese Lotus Panel architectural Relief Wood Carving Bali wall Art teal 24""","$149.00","2751","acadiaworldtraders2","4.93","2800",,"https://www.etsy.com/listing/910540505/balinese-lotus-panel-architectural?click_key=EuhnBFb3NbzM2ur7M6Plfoe0yjc9%3ALTf16eeac53582f7c531decfa50b30c44ca4cd2cfd&click_sum=97c55fb0&ls=a&ga_order=most_relevant&ga_search_type=all&ga_view_type=gallery&ga_search_query=balinese+art&ref=sc_gallery-5-2&frs=1&sts=1"
,"0","9","vintage mid-century hand carved wood sculptures, Balinese man and woman, signed AAFATIMAH, Bali","Now$262.50","502","VintageVaultPDX","4.95","502",,"https://www.etsy.com/listing/4406499168/vintage-mid-century-hand-carved-wood?click_key=07f37848-5b32-4647-a96f-3141bdd4e264%3ALT2dc0fe56e07978c16b77f0226cecd5a9f932e361&click_sum=99ad6e8c&ls=s&ga_order=most_relevant&ga_search_type=all&ga_view_type=gallery&ga_search_query=balinese+art&ref=sr_gallery-5-1&organic_search_click=1&pro=1&content_source=07f37848-5b32-4647-a96f-3141bdd4e264%253ALT2dc0fe56e07978c16b77f0226cecd5a9f932e361"
,"9","9","Vintage Signed Balinese Hand Carved Wooden Woman Figure Mas Bali Sculpture","$195.00","316","VivingVintage","4.94","316",,"https://www.etsy.com/listing/1852013042/vintage-signed-balinese-hand-carved?click_key=07f37848-5b32-4647-a96f-3141bdd4e264%3ALT82913d9b08a91a92a909b1bd086775d20ae9ad1d&click_sum=3a9db52f&ls=s&ga_order=most_relevant&ga_search_type=all&ga_view_type=gallery&ga_search_query=balinese+art&ref=sr_gallery-5-2&organic_search_click=1&frs=1&content_source=07f37848-5b32-4647-a96f-3141bdd4e264%253ALT82913d9b08a91a92a909b1bd086775d20ae9ad1d"
,"0","11","Bali Ubud Palace Temple Night Scene Canvas Print","$57.08+","0","EthniqueChiqueStore",,"0",,"https://www.etsy.com/listing/4463512409/bali-ubud-palace-temple-night-scene?click_key=EuhnBFb3NbzM2ur7M6Plfoe0yjc9%3ALTf788efb20d22856c5b6969f3a3189473c50a7f19&click_sum=9b8aa065&ls=a&ga_order=most_relevant&ga_search_type=all&ga_view_type=gallery&ga_search_query=balinese+art&ref=sc_gallery-5-3"
,"0","20","Barong Mythical Mask Gold Canvas Print, Ornate Balinese Face Artwork, Cultural Splatter Wall Decor, Real Wood Frame","Now$55.95+","77","RanchReadyRustics","4.93","77",,"https://www.etsy.com/listing/4484636496/barong-mythical-mask-gold-canvas-print?click_key=EuhnBFb3NbzM2ur7M6Plfoe0yjc9%3ALT635a4ad66e2d9db105fa68582dbb129a0e0a06b1&click_sum=29083aad&ls=a&ga_order=most_relevant&ga_search_type=all&ga_view_type=gallery&ga_search_query=balinese+art&ref=sc_gallery-5-4&pro=1&frs=1&cns=1&sts=1"
,"1362","10","18K Gold Vermeil Rainbow Moonstone Necklace: Handmade Balinese Style Art Nouveau Pendant—EPIPHANY","$310.00+","876","BluemoonstoneJewel","4.98","876",,"https://www.etsy.com/listing/787860269/18k-gold-vermeil-rainbow-moonstone?click_key=EuaHm4U1ux3lNSSaYQkx1xTJ5Vd4%3ALT0aa642d8e36cf2adc934e746031b3585f7202b4d&click_sum=2bbd2b20&ls=a&ga_order=most_relevant&ga_search_type=all&ga_view_type=gallery&ga_search_query=balinese+jewelry&ref=sc_gallery-5-1&frs=1&cns=1&sts=1"
,"230","8","Hand-Carved Moroccan Design Headboard 72” | Reclaimed Thai Teak Carving | King Size Wood Wall Art | Boho Resort Bedroom Decor","$269.10","210","SiamSawadeeDecor","4.78","210",,"https://www.etsy.com/listing/4413632942/hand-carved-moroccan-design-headboard-72?click_key=EuK3nmAdF_6gFddiO7_kzFNgbW5f%3ALTa75c9a511099de0a07bb5f9e42d072dc7b733597&click_sum=33fcd6c1&ls=a&ga_order=most_relevant&ga_search_type=all&ga_view_type=gallery&ga_search_query=balinese+furniture&ref=sc_gallery-5-1&pro=1&sts=1"
,"24","10","63"" Hand Carved Whitewash Console Table Architectural Carved Console, Reclaimed Teak Indian Console, Carved Indonesian Console Table","$1,150.00","56","GadoGadoFurniture","4.98","56",,"https://www.etsy.com/listing/1629521486/63-hand-carved-whitewash-console-table?click_key=EuK3nmAdF_6gFddiO7_kzFNgbW5f%3ALT05768da3a71b662673bc799fb063dc73636f1b67&click_sum=5d5a2b89&ls=a&ga_order=most_relevant&ga_search_type=all&ga_view_type=gallery&ga_search_query=balinese+furniture&ref=sc_gallery-5-2&cns=1"
,"0","8","Framed Hand-Carved Balinese Mask – Original Artwork","$187.21","0","EthniqueChiqueStore",,"0",,"https://www.etsy.com/listing/4492401888/framed-hand-carved-balinese-mask?click_key=EufdvHfHEqfizor94vXuVFqavr6b%3ALT6656ff12cf31b3aa40221e39497ce1fde8e5f941&click_sum=50a8b7cd&ls=a&ga_order=most_relevant&ga_search_type=all&ga_view_type=gallery&ga_search_query=balinese+mask&ref=sc_gallery-4-3"
,"6","4","Mid Century Balinese Sterling Dangle Earrings with Lever Backs: c. 1960","$78.50","522","DesMOMENTS","4.98","522",,"https://www.etsy.com/listing/4470835799/mid-century-balinese-sterling-dangle?click_key=1e13aa96-f9e0-4dba-94fc-3e7a9552ee1a%3ALTbe0d19e847c5a0f4ef51559ff8246a94fac8fecc&click_sum=73e6663a&ls=s&ga_order=most_relevant&ga_search_type=all&ga_view_type=gallery&ga_search_query=balinese+jewelry&ref=sr_gallery-5-1&organic_search_click=1&frs=1&sts=1&content_source=1e13aa96-f9e0-4dba-94fc-3e7a9552ee1a%253ALTbe0d19e847c5a0f4ef51559ff8246a94fac8fecc"
,"5","6","Balinese Soka Flower Cuff Bracelet: Sterling Silver & Gold Artisan Bangle","Now$775.00","82","SterlingSilverBali","4.95","82",,"https://www.etsy.com/listing/4363362566/balinese-soka-flower-cuff-bracelet?click_key=EuaHm4U1ux3lNSSaYQkx1xTJ5Vd4%3ALTb610f44438b406e53d872e4d7ae40157cb469391&click_sum=9a36e903&ls=a&ga_order=most_relevant&ga_search_type=all&ga_view_type=gallery&ga_search_query=balinese+jewelry&ref=sc_gallery-5-4&frs=1&local_signal_search=1"
,"4","9","Peridot Sterling Silver Earrings, Intricate Balinese Design, Vintage","$296.00","293","EnfleurageLilac","4.95","293",,"https://www.etsy.com/listing/1803770353/grass-green-peridot-earrings-polished?click_key=EuaHm4U1ux3lNSSaYQkx1xTJ5Vd4%3ALTea7b09c5eef34cc1b58c3bbde31b5d5cfc3a493c&click_sum=64556aea&ls=a&ga_order=most_relevant&ga_search_type=all&ga_view_type=gallery&ga_search_query=balinese+jewelry&ref=sc_gallery-5-2&frs=1&sts=1"
,"23","7","Black Onyx Sterling Silver Earrings, Balinese Jewelry","Now$63.75","63","SanSanJewelryID","4.88","63",,"https://www.etsy.com/listing/1100180531/black-onyx-earrings-january-birth-stone?click_key=EuaHm4U1ux3lNSSaYQkx1xTJ5Vd4%3ALT1694f3c9cd192280b08bb128258db6550b706078&click_sum=af2e1da1&ls=a&ga_order=most_relevant&ga_search_type=all&ga_view_type=gallery&ga_search_query=balinese+jewelry&ref=sc_gallery-5-3&pro=1&local_signal_search=1"
,"0","4","Labradorite Cuff Bangle, Sterling Silver Teardrop Bracelet, Balinese Boho Jewelry","$48.00","13","KundanKathaJewels","2.55","13",,"https://www.etsy.com/listing/4453907451/double-labradorite-cuff-bangle-sterling?click_key=1e13aa96-f9e0-4dba-94fc-3e7a9552ee1a%3ALTdc5bf0cfa64d917258105f8b4b0b92a2e6c9768b&click_sum=7b117ef7&ls=s&ga_order=most_relevant&ga_search_type=all&ga_view_type=gallery&ga_search_query=balinese+jewelry&ref=sr_gallery-5-2&organic_search_click=1&pro=1&frs=1&content_source=1e13aa96-f9e0-4dba-94fc-3e7a9552ee1a%253ALTdc5bf0cfa64d917258105f8b4b0b92a2e6c9768b"
,"0","20","Balinese Barong Mask Gold Canvas Print, Ornate Spiritual Face Artwork, Mythic Cultural Wall Decor, Real Wood Frame","Now$55.95+","77","RanchReadyRustics","4.93","77",,"https://www.etsy.com/listing/4484636782/balinese-barong-mask-gold-canvas-print?click_key=EuVo7YZvGM6QfM2d7M99BQ6m4p6f%3ALT1e5fd520ed2716a2a8b04f43dcc72c8590c96dd7&click_sum=f8ccdb89&ls=a&ga_order=most_relevant&ga_search_type=all&ga_view_type=gallery&ga_search_query=balinese+mask&ref=sc_gallery-3-4&pro=1&frs=1&sts=1"
,"0","20","Balinese Mask Gold Canvas Print, Splatter Art Wall Decor, Mythical Cultural Wall Art, Real Wood Frame, Tribal Home Accent","Now$55.95+","77","RanchReadyRustics","4.93","77",,"https://www.etsy.com/listing/4484192078/balinese-mask-gold-canvas-print-splatter?click_key=EufdvHfHEqfizor94vXuVFqavr6b%3ALTe94e8c73e329ea5fc217038f264f3c37795c9193&click_sum=3825179b&ls=a&ga_order=most_relevant&ga_search_type=all&ga_view_type=gallery&ga_search_query=balinese+mask&ref=sc_gallery-4-4&pro=1&frs=1&sts=1"
,"3","8","Balinese Barong Head Wooden Carved Sculpture- 4.5"" Vintage Indonesian Mask Folk Art","$85.00","33","collectcuriosity","4.7","33",,"https://www.etsy.com/listing/1826002695/balinese-barong-head-wooden-carved?click_key=9c106b8c-94ee-463c-8802-bf1cde07bf00%3ALT526eaded5324209bd4473788afa9a8fd803634bc&click_sum=4d71672e&ls=s&ga_order=most_relevant&ga_search_type=all&ga_view_type=gallery&ga_search_query=balinese&ref=sr_gallery-6-2&organic_search_click=1&cns=1&content_source=9c106b8c-94ee-463c-8802-bf1cde07bf00%253ALT526eaded5324209bd4473788afa9a8fd803634bc"
,"26","13","Hand Carved Cempaka Wood Balinese Tropical Scenery Wall Hanging Decor","$269.99","161","ArasBali","4.91","161",,"https://www.etsy.com/listing/1605276587/wooden-tropical-balinese-scenery-wall?click_key=EuonPIbja1eWs09QbxhTADodNC84%3ALT11a25673fcbe9dc756a9bd2f5dab4f300b873200&click_sum=21bbe66e&ls=a&ga_order=most_relevant&ga_search_type=all&ga_view_type=gallery&ga_search_query=balinese+decor&ref=sc_gallery-6-1&pro=1&cns=1&local_signal_search=1"
,"211","8","Mermaid Wall Art Sculpture | Balinese Hand Carved Wood Panel, Nautical Art","$100.00","2751","acadiaworldtraders2","4.93","2800",,"https://www.etsy.com/listing/736453306/mermaid-wall-art-sculpture-balinese-hand?click_key=EuonPIbja1eWs09QbxhTADodNC84%3ALTc0e81bb314e2a4dfef65226294ba0c6b575f5bb9&click_sum=90740acc&ls=a&ga_order=most_relevant&ga_search_type=all&ga_view_type=gallery&ga_search_query=balinese+decor&ref=sc_gallery-6-2&frs=1&sts=1"
,"0","9","Framed Hand-Carved Balinese Mask – Original Artwork","$187.21","0","EthniqueChiqueStore",,"0",,"https://www.etsy.com/listing/4492406664/framed-hand-carved-balinese-mask?click_key=EuonPIbja1eWs09QbxhTADodNC84%3ALTe286ed8cb8a2649f9f86f76833da236997844a10&click_sum=486b8171&ls=a&ga_order=most_relevant&ga_search_type=all&ga_view_type=gallery&ga_search_query=balinese+decor&ref=sc_gallery-6-3"
,"0","16","Balinese Rangda Mask – Hand Carved & Painted Wood – Gold Gilt","$99.00","3","AntColl","5","3",,"https://www.etsy.com/listing/4478251942/balinese-rangda-mask-hand-carved-painted?click_key=e4ebc549-6a3f-481c-a5de-f525e1f75110%3ALT11ce0b1cbcd61a95992961f4535a9224be5f5119&click_sum=0e582014&ls=s&ga_order=most_relevant&ga_search_type=all&ga_view_type=gallery&ga_search_query=balinese+mask&ref=sr_gallery-4-2&organic_search_click=1&content_source=e4ebc549-6a3f-481c-a5de-f525e1f75110%253ALT11ce0b1cbcd61a95992961f4535a9224be5f5119"
,"0","10","Balinese Kotak Taji Indonesian - Wooden Cockspur Case - Carved Delem Design -  Hindu Clown Servant - Nice Detail - 9""","$295.00","1912","TheNWpickerShop","4.95","1900",,"https://www.etsy.com/listing/1615973351/balinese-kotak-taji-indonesian-wooden?click_key=339683b4-f211-491f-b380-f7322636f30b%3ALTdcb010aa729c815b0290e65ae3546830f68d4493&click_sum=c3b703ba&ls=s&ga_order=most_relevant&ga_search_type=all&ga_view_type=gallery&ga_search_query=balinese+decor&ref=sr_gallery-6-1&organic_search_click=1&sts=1&content_source=339683b4-f211-491f-b380-f7322636f30b%253ALTdcb010aa729c815b0290e65ae3546830f68d4493"
,"104","10","Triple Mudra Buddha Panel Hand Carved Suar Wood Bali Wall Sculpture Balinese Art","$198.00","2751","acadiaworldtraders2","4.93","2800",,"https://www.etsy.com/listing/1521879303/triple-mudra-buddha-panel-hand-carved?click_key=9c106b8c-94ee-463c-8802-bf1cde07bf00%3ALT074e35e9202f317cd52ba8ef51062a3106faf5b7&click_sum=71ffb4d6&ls=s&ga_order=most_relevant&ga_search_type=all&ga_view_type=gallery&ga_search_query=balinese&ref=sr_gallery-6-1&organic_search_click=1&frs=1&sts=1&content_source=9c106b8c-94ee-463c-8802-bf1cde07bf00%253ALT074e35e9202f317cd52ba8ef51062a3106faf5b7"
,"14","10","Vintage Balinese Elephant Offering Box: Hand Carved Cempaka Wood Temple Chest","$998.00","2751","acadiaworldtraders2","4.93","2800",,"https://www.etsy.com/listing/1545862710/vintage-balinese-elephant-offering-box?click_key=339683b4-f211-491f-b380-f7322636f30b%3ALT6c2a94f9f71cec35730474ad686bd1e2766240a5&click_sum=98732a81&ls=s&ga_order=most_relevant&ga_search_type=all&ga_view_type=gallery&ga_search_query=balinese+decor&ref=sr_gallery-6-2&organic_search_click=1&frs=1&sts=1&content_source=339683b4-f211-491f-b380-f7322636f30b%253ALT6c2a94f9f71cec35730474ad686bd1e2766240a5"
,"5","10","Faceted Amethyst Sterling Silver Earrings: Balinese Lace Cutwork","$258.00","293","EnfleurageLilac","4.95","293",,"https://www.etsy.com/listing/1874138409/faceted-amethyst-sterling-silver?click_key=Eu423_PwUOzrQcogC2uWNUN7qHa0%3ALT410b03e753fbf496b22c0c2193b0d8de3860011b&click_sum=2fc90aa9&ls=a&ga_order=most_relevant&ga_search_type=all&ga_view_type=gallery&ga_search_query=balinese&ref=sc_gallery-6-4&frs=1&sts=1"
,"10","9","Vintage Balinese 3D Hand Carved Wood Square Panel: Tree and Birds","$49.00","484","Fixins","4.97","484",,"https://www.etsy.com/listing/4477168102/vintage-balinese-3d-hand-carved-wood?click_key=50fa4812-7453-4fa4-a8b9-ff1de67683d0%3ALTbcdcf2d7bcbbcd1c9eb30a301fcde3a39470e0f1&click_sum=f869e1ed&ls=s&ga_order=most_relevant&ga_search_type=all&ga_view_type=gallery&ga_search_query=balinese+furniture&ref=sr_gallery-5-2&organic_search_click=1&cns=1&sts=1&content_source=50fa4812-7453-4fa4-a8b9-ff1de67683d0%253ALTbcdcf2d7bcbbcd1c9eb30a301fcde3a39470e0f1"
,"578","8","Rainbow Moonstone Dangle Drop Earrings: Handcrafted Sterling Silver Balinese Style Boho Earrings—KATIE","$160.00","876","BluemoonstoneJewel","4.98","876",,"https://www.etsy.com/listing/682839362/rainbow-moonstone-dangle-drop-earrings?click_key=Eu-dOlHIZ7t2ISr7MWr5btZPED0b%3ALT8bed5d5436b1152aad7535c5f82229114db10640&click_sum=2887fc23&ls=a&ga_order=most_relevant&ga_search_type=all&ga_view_type=gallery&ga_search_query=balinese&ref=sc_gallery-7-1&frs=1&sca=1&sts=1"
,"50","13","Krishna and Arjuna Wood Carving 20 inch, Mahabharata War, Balinese Wall Art, Holiday Decor","$323.99","161","ArasBali","4.91","161",,"https://www.etsy.com/listing/1198379542/krishna-and-arjuna-in-mahabharata-war-20?click_key=Eu-dOlHIZ7t2ISr7MWr5btZPED0b%3ALT01345823a4ed7ba6bceddbd0cf40e946fd9255e5&click_sum=74ff6790&ls=a&ga_order=most_relevant&ga_search_type=all&ga_view_type=gallery&ga_search_query=balinese&ref=sc_gallery-7-2&pro=1&local_signal_search=1"
,"0","6","VTG Ornate Balinese Wooden Hand Carving Ramayana Ceremonial Face","$31.16","3","DonniesTreasureTrove","5","3",,"https://www.etsy.com/listing/4492522351/vtg-ornate-balinese-wooden-hand-carving?click_key=aafe04b3-c930-4c3f-9533-dc6f0420dbe0%3ALTced26de051598972ac01750a0b5b4be0c470f325&click_sum=39bcb558&ls=s&ga_order=most_relevant&ga_search_type=all&ga_view_type=gallery&ga_search_query=balinese&ref=sr_gallery-7-1&organic_search_click=1&content_source=aafe04b3-c930-4c3f-9533-dc6f0420dbe0%253ALTced26de051598972ac01750a0b5b4be0c470f325"
,"0","7","Dewi Sri Goddess Framed Canvas Wall Art, Large Cinematic Fantasy Painting Print, Colorful Spiritual Mythical Decor","Now$99.69+","37","LuminaraGallery","4.83","37",,"https://www.etsy.com/listing/4455215994/dewi-sri-goddess-framed-canvas-wall-art?click_key=EuO3pVDOqHBKxGNbiBGjIUHm0J68%3ALT7f0ebdcfb6e10fa5359cb50e9f5655e7eba4efde&click_sum=0e9d8fc9&ls=a&ga_order=most_relevant&ga_search_type=all&ga_view_type=gallery&ga_search_query=balinese+decor&ref=sc_gallery-7-2&pro=1&frs=1"
,"7","10","Vintage Bali Balinese Wood Carving of Woman Bust Dark Brown Female Figure 9 1/2”","$39.00","5093","HillhomeTreasures","4.87","5100",,"https://www.etsy.com/listing/1639492398/vintage-bali-balinese-wood-carving-of?click_key=aafe04b3-c930-4c3f-9533-dc6f0420dbe0%3ALT8aed20217e4ab56ba8349e47e6a26f2d9c0d1e15&click_sum=309067fb&ls=s&ga_order=most_relevant&ga_search_type=all&ga_view_type=gallery&ga_search_query=balinese&ref=sr_gallery-7-2&organic_search_click=1&sts=1&content_source=aafe04b3-c930-4c3f-9533-dc6f0420dbe0%253ALT8aed20217e4ab56ba8349e47e6a26f2d9c0d1e15"
,"53","12","Handmade Cempaka Wood Elephant Herd Wall Art, Balinese Carving Decor (25 inch)","$539.10","161","ArasBali","4.91","161",,"https://www.etsy.com/listing/1189892232/wooden-elephant-wall-decor-25-inch?click_key=EuO3pVDOqHBKxGNbiBGjIUHm0J68%3ALT8489d76c416dbb9421b07c79c854ff72a6bacf60&click_sum=ef8c97a6&ls=a&ga_order=most_relevant&ga_search_type=all&ga_view_type=gallery&ga_search_query=balinese+decor&ref=sc_gallery-7-1&pro=1&local_signal_search=1"
,"4","18","Balinese Hand-Carved Wooden Mask – 10” Wall Hanging, Vintage Bali Art Sculpture","Now$96.60","174","ThePhenomenalOnes","4.96","174",,"https://www.etsy.com/listing/4397536724/balinese-hand-carved-wooden-mask-10-wall?click_key=2c723f9b-d525-434b-ad5b-c74f7a86177d%3ALT060e77d88bd85bb544100ab2ec6e697000fd23f5&click_sum=171e4278&ls=s&ga_order=most_relevant&ga_search_type=all&ga_view_type=gallery&ga_search_query=balinese+decor&ref=sr_gallery-7-2&organic_search_click=1&pro=1&frs=1&cns=1&sts=1&content_source=2c723f9b-d525-434b-ad5b-c74f7a86177d%253ALT060e77d88bd85bb544100ab2ec6e697000fd23f5"
,"0","14","Vintage I. B. Tilem Bali Hand Carved Womens Right Hand Sculpture | Jewelry Holder | Home Decor","Now$250.75","35","VintageMayhemNYC","5","35",,"https://www.etsy.com/listing/4494215606/vintage-i-b-tilem-bali-hand-carved?click_key=2c723f9b-d525-434b-ad5b-c74f7a86177d%3ALT16ffa6ed8881b47d22f8987359e43af29dfd42c0&click_sum=9f883b85&ls=s&ga_order=most_relevant&ga_search_type=all&ga_view_type=gallery&ga_search_query=balinese+decor&ref=sr_gallery-7-1&organic_search_click=1&pro=1&sts=1&content_source=2c723f9b-d525-434b-ad5b-c74f7a86177d%253ALT16ffa6ed8881b47d22f8987359e43af29dfd42c0"
,"2","2","Bali Coffee Incense Sticks, Balinese Incense from Ubud Bali Indonesia for Everyday Use, Natural Gift from Bali","Now$11.20","5202","EverestTrader","4.89","5200",,"https://www.etsy.com/listing/4467754967/bali-coffee-incense-sticks-balinese?click_key=Eu1Y-iuudu0tRuyp8rcLSPMWnQ36%3ALT78e64d8bf087cade4b894926c8c5506be7401ca6&click_sum=8fb36beb&ls=a&ga_order=most_relevant&ga_search_type=all&ga_view_type=gallery&ga_search_query=balinese+product&ref=sc_gallery-7-1&pro=1&sts=1"
,"6","8","Vintage Balinese Garnet Bell Necklace - 925 Sterling Silver - Estate Jewelry","Now$191.99","4886","WestgateJewels","4.92","4900",,"https://www.etsy.com/listing/1795703162/vintage-garnet-bell-necklace-925?click_key=4cb45ad5-207a-446b-9a07-e55aac48d299%3ALT7e05b5169a2ba5781fe618e5531b576970c769b6&click_sum=5fb596d4&ls=s&ga_order=most_relevant&ga_search_type=all&ga_view_type=gallery&ga_search_query=balinese+jewelry&ref=sr_gallery-6-1&organic_search_click=1&pro=1&frs=1&sts=1&content_source=4cb45ad5-207a-446b-9a07-e55aac48d299%253ALT7e05b5169a2ba5781fe618e5531b576970c769b6"
,"57","14","Peridot Sterling Silver Earrings, Gemstone Birthstone Jewelry, Balinese Craftsmanship","Now$50.99","63","SanSanJewelryID","4.88","63",,"https://www.etsy.com/listing/1100204923/green-peridot-earrings-peridot?click_key=EuIuajneNcSChpFxdykUW5sGIA16%3ALTfd48bc30ff1ed6b253358a0ae82a3aa8ba590c29&click_sum=78f3b04e&ls=a&ga_order=most_relevant&ga_search_type=all&ga_view_type=gallery&ga_search_query=balinese+jewelry&ref=sc_gallery-6-2&pro=1&local_signal_search=1"
,"19","6","Sterling Fused Filigree Ring Size 5.75, 925 Silver Braided Band Ring, Oxidized Silver Beaded Bali Ring, Indonesian Jewelry, Balinese Jewelry","Now$59.40","1514","boboCOLLECTED","4.92","1500",,"https://www.etsy.com/listing/4322545772/sterling-fused-filigree-ring-size-575?click_key=4cb45ad5-207a-446b-9a07-e55aac48d299%3ALT5df7d5cf9582a6dd9128bf46ab50b40c4a427924&click_sum=d0fbe580&ls=s&ga_order=most_relevant&ga_search_type=all&ga_view_type=gallery&ga_search_query=balinese+jewelry&ref=sr_gallery-6-2&organic_search_click=1&pro=1&frs=1&cns=1&sts=1&content_source=4cb45ad5-207a-446b-9a07-e55aac48d299%253ALT5df7d5cf9582a6dd9128bf46ab50b40c4a427924"
,"34","6","Atlanticite Sterling Silver Ring: Chunky Balinese Artisan Crafted, US Size 8","$144.00","293","EnfleurageLilac","4.95","293",,"https://www.etsy.com/listing/1301589250/atlanticite-sterling-silver-ring-chunky?click_key=EuIuajneNcSChpFxdykUW5sGIA16%3ALT141faa4122ee7a7394eba7f724c030c852369960&click_sum=99cccedf&ls=a&ga_order=most_relevant&ga_search_type=all&ga_view_type=gallery&ga_search_query=balinese+jewelry&ref=sc_gallery-6-3&frs=1&sts=1"
,"2","12","Sterling Silver Filigree Dangle with White Mabe Pearl Earrings: Lightweight Bali Jewelry handmade","$93.00","95","AHJewelryDesigner","4.76","95",,"https://www.etsy.com/listing/4455258906/sterling-silver-filigree-dangle-with?click_key=EuIuajneNcSChpFxdykUW5sGIA16%3ALTc5ac018d9dc98bdb87e5dca8f58cd54b3d1ed016&click_sum=a1fc7fe8&ls=a&ga_order=most_relevant&ga_search_type=all&ga_view_type=gallery&ga_search_query=balinese+jewelry&ref=sc_gallery-6-4&frs=1"
,"10","10","Vintage Yaouré Wood Carved African Mask: Tribal Art Collectible-5007","$143.00","1641","spiritsspeaks","4.8","1600",,"https://www.etsy.com/listing/1808981831/vintage-yaoure-wood-carved-african-mask?click_key=Euo_0HRnZGQTFDvL5t0pOrwerHc6%3ALT126d87596d1faea71d83c90bf77068c9062dc44e&click_sum=c3da9283&ls=a&ga_order=most_relevant&ga_search_type=all&ga_view_type=gallery&ga_search_query=balinese+mask&ref=sc_gallery-5-1&pro=1&frs=1&sts=1"
,"1534","8","Rainbow Moonstone Sterling Silver Statement Bib Necklace: Victorian Dangle, Balinese Design—SCARLET","$600.00","876","BluemoonstoneJewel","4.98","876",,"https://www.etsy.com/listing/596333130/rainbow-moonstone-sterling-silver?click_key=EuIuajneNcSChpFxdykUW5sGIA16%3ALTf38302a5e7e4d07f289acb22f17aa979c1066342&click_sum=92b5df85&ls=a&ga_order=most_relevant&ga_search_type=all&ga_view_type=gallery&ga_search_query=balinese+jewelry&ref=sc_gallery-6-1&frs=1&sca=1&sts=1"
,"23","10","Balinese Barong Mask, Lion Wood Carving Wall Hanging, 16.5 inch","$152.99","161","ArasBali","4.91","161",,"https://www.etsy.com/listing/1326875747/balinese-barong-mask-lion-wood-carving?click_key=Euo_0HRnZGQTFDvL5t0pOrwerHc6%3ALT8cf78b691fd932111cd83e4d0a626530ca85bb9a&click_sum=430694a8&ls=a&ga_order=most_relevant&ga_search_type=all&ga_view_type=gallery&ga_search_query=balinese+mask&ref=sc_gallery-5-2&pro=1&cns=1&local_signal_search=1"
,"4","6","Handmade Turquoise Brass Drop Earrings, Lightweight Statement Jewelry","$60.00","497","ebuJewelry","4.63","497",,"https://www.etsy.com/listing/4355271113/artsy-turquoise-brass-round-drop-earring?click_key=73313892-1145-4ca5-a2db-e543af9cc2e5%3ALTd5e95423c6eebf35a27084f83cf33898357109fc&click_sum=77ba3257&ls=s&ga_order=most_relevant&ga_search_type=all&ga_view_type=gallery&ga_search_query=balinese%2Bhandmade&ref=sr_gallery-9-2&organic_search_click=1&frs=1&sts=1&local_signal_search=1&content_source=73313892-1145-4ca5-a2db-e543af9cc2e5%253ALTd5e95423c6eebf35a27084f83cf33898357109fc"
,"25","10","Hand carved wooden room divider, partition 4 panel! Distressed Antique finish","Now$638.27+","6","GlobalArtCraftss","4.9","6",,"https://www.etsy.com/listing/4401591216/hand-carved-wooden-room-divider?click_key=Eub1D9l7G7K9wcI3i0Vc0YEXOh63%3ALTadba1292640d3226bbfffdf1b36597319a3b496e&click_sum=72003745&ls=a&ga_order=most_relevant&ga_search_type=all&ga_view_type=gallery&ga_search_query=balinese+furniture&ref=sc_gallery-6-1&pro=1&frs=1"
,"4","1","Sarkander and Balsa Hand Made Waggler Set","$34.18","6","HandMadeTackle","5","6",,"https://www.etsy.com/listing/1426291937/sarkander-and-balsa-hand-made-waggler?click_key=73313892-1145-4ca5-a2db-e543af9cc2e5%3ALT2bbb812fc668b67f0f9dd2bd42a11c9dde721ab1&click_sum=caf80958&ls=s&ga_order=most_relevant&ga_search_type=all&ga_view_type=gallery&ga_search_query=balinese%2Bhandmade&ref=sr_gallery-9-1&organic_search_click=1&cns=1&content_source=73313892-1145-4ca5-a2db-e543af9cc2e5%253ALT2bbb812fc668b67f0f9dd2bd42a11c9dde721ab1"
,"57","14","Peridot Sterling Silver Earrings, Gemstone Birthstone Jewelry, Balinese Craftsmanship","Now$50.99","63","SanSanJewelryID","4.88","63",,"https://www.etsy.com/listing/1100204923/green-peridot-earrings-peridot?click_key=Eu-dOlHIZ7t2ISr7MWr5btZPED0b%3ALTe893f41a80fb4fe0c1c199dd89e50f7d70ffba3b&click_sum=61cd56eb&ls=a&ga_order=most_relevant&ga_search_type=all&ga_view_type=gallery&ga_search_query=balinese&ref=sc_gallery-7-3&pro=1&local_signal_search=1"
,"2","6","Balinese Woman Hand-Carved Wooden Statue","$95.00","242","TreasureAtticByLana","4.92","242",,"https://www.etsy.com/listing/1772060386/balinese-woman-hand-carved-wooden-statue?click_key=21b60a04-47f5-43b9-9590-28ce89281503%3ALTe7b6400911d94ad6ca6a21aa66478293e0edc59d&click_sum=0d060a5a&ls=s&ga_order=most_relevant&ga_search_type=all&ga_view_type=gallery&ga_search_query=balinese+furniture&ref=sr_gallery-6-1&organic_search_click=1&content_source=21b60a04-47f5-43b9-9590-28ce89281503%253ALTe7b6400911d94ad6ca6a21aa66478293e0edc59d"
,"12","10","PRIMITIVE FLOOR VASE, Timor Wood Vase, Hand-Carved Floor Vase, Wooden Tribal","$341.55","745","33imports","4.81","745",,"https://www.etsy.com/listing/1832351633/primitive-floor-vase-timor-wood-vase?click_key=Eu3f0SvAGRpWDD5DCnpn1yn7fLe7%3ALTf1554824581466d56ae2b13e793ee6195c8957c3&click_sum=5c53870e&ls=a&ga_order=most_relevant&ga_search_type=all&ga_view_type=gallery&ga_search_query=balinese+decor&ref=sc_gallery-5-3&frs=1"
,"108","6","Hand Carved Wood Dragon Mobile Balinese Spirit chaser: Red  12""","$49.00","2751","acadiaworldtraders2","4.93","2800",,"https://www.etsy.com/listing/1750800675/hand-carved-wood-dragon-mobile-balinese?click_key=Eub1D9l7G7K9wcI3i0Vc0YEXOh63%3ALTd7a171756c574d968af01bc3e01a4da43d80b7d8&click_sum=290432d3&ls=a&ga_order=most_relevant&ga_search_type=all&ga_view_type=gallery&ga_search_query=balinese+furniture&ref=sc_gallery-6-3&frs=1&sts=1"
,"2","4","Complete Bali Incense Stick Collection, Handmade Balinese Putri Bulan Incense from Ubud Indonesia, Sandalwood, Agarwood, Jasmine, Honey","Now$5.60+","5202","EverestTrader","4.89","5200",,"https://www.etsy.com/listing/4467817892/complete-bali-incense-stick-collection?click_key=EuonPIbja1eWs09QbxhTADodNC84%3ALT6aed424eeb59b2510e0614a669eb0fe33fcf4492&click_sum=34fa383f&ls=a&ga_order=most_relevant&ga_search_type=all&ga_view_type=gallery&ga_search_query=balinese+decor&ref=sc_gallery-6-4&pro=1&sts=1"
,"45","10","Hand Carved Wooden Balinese Female Bust, Wood Carving Figurine from Bali Indonesia, Balinese Woman Bust Sculpture","$87.28","752","DanovaVintage","4.91","752",,"https://www.etsy.com/listing/1511385101/hand-carved-wooden-balinese-female-bust?click_key=Eu1Y-iuudu0tRuyp8rcLSPMWnQ36%3ALTe2e069402e89c8e20d0236da660a4bcd55c0bab1&click_sum=acd3f77c&ls=a&ga_order=most_relevant&ga_search_type=all&ga_view_type=gallery&ga_search_query=balinese+product&ref=sc_gallery-7-3"
,"18","7","20CM Balinese Women Mask | Antique Wall Mask | Vintage Mask | Hand Painted Wooden Mask | Wood Sculpture | Indonesian Wall Mask | Wall Decor","$259.00","78","BaliBecikArtMarket","4.95","78",,"https://www.etsy.com/listing/1656139763/20cm-balinese-women-mask-antique-wall?click_key=89caf1dc-c4d9-470d-b5fb-2357249f3c25%3ALTbc93da57ce0e290bfe78af76f56d796d216f6ca1&click_sum=960cdab1&ls=s&ga_order=most_relevant&ga_search_type=all&ga_view_type=gallery&ga_search_query=balinese+mask&ref=sr_gallery-5-2&organic_search_click=1&local_signal_search=1&content_source=89caf1dc-c4d9-470d-b5fb-2357249f3c25%253ALTbc93da57ce0e290bfe78af76f56d796d216f6ca1"
,"118","9","Balinese golden Lotus Motif Panel architectural Relief Wood Carving Bali wall Art teal 60""","$398.00","2751","acadiaworldtraders2","4.93","2800",,"https://www.etsy.com/listing/1087990261/balinese-golden-lotus-motif-panel?click_key=Eu423_PwUOzrQcogC2uWNUN7qHa0%3ALT1ec97cbf67ec79596d0d26a979e5b834afcf5f3a&click_sum=83289964&ls=a&ga_order=most_relevant&ga_search_type=all&ga_view_type=gallery&ga_search_query=balinese&ref=sc_gallery-6-3&frs=1&cns=1&sts=1"
,"4","12","Vintage Balinese Carved Wooden Mask, Indonesian Tribal Decor","$92.78","199","LaBoutiqueDeMemoires","4.83","199",,"https://www.etsy.com/listing/4433083820/vintage-balinese-carved-wooden-mask?click_key=Eu1Y-iuudu0tRuyp8rcLSPMWnQ36%3ALT6bd9dd93ae00d16cb635bcf864569697d2eb3e1d&click_sum=3f6b3f00&ls=a&ga_order=most_relevant&ga_search_type=all&ga_view_type=gallery&ga_search_query=balinese+product&ref=sc_gallery-7-4"
,"4","9","Peridot Sterling Silver Earrings, Intricate Balinese Design, Vintage","$296.00","293","EnfleurageLilac","4.95","293",,"https://www.etsy.com/listing/1803770353/grass-green-peridot-earrings-polished?click_key=Eu-dOlHIZ7t2ISr7MWr5btZPED0b%3ALTd8c82abc2ada4b86bdeb3c54d7f230002b7790f6&click_sum=e553ed0c&ls=a&ga_order=most_relevant&ga_search_type=all&ga_view_type=gallery&ga_search_query=balinese&ref=sc_gallery-7-4&frs=1&sts=1"
,"36","10","TABLE TOP UMBRELLA, Beach Table Decor, Hand Painted Umbrellas, Coastal Table","$47.52","745","33imports","4.81","745",,"https://www.etsy.com/listing/1689956722/table-top-umbrella-beach-table-decor?click_key=EuK3nmAdF_6gFddiO7_kzFNgbW5f%3ALT80a2052815e15264687fcf1ba87eb2e6f518586c&click_sum=f40d38c9&ls=a&ga_order=most_relevant&ga_search_type=all&ga_view_type=gallery&ga_search_query=balinese+furniture&ref=sc_gallery-5-3&frs=1"
,"33","13","Handcrafted Sheesham Wood Coffee Table without Glass Top  | Indian Carved Rectangle Center Table | Living Room Furniture","$878.64","67","MOONWALKHANDICRAFTS","4.7","67",,"https://www.etsy.com/listing/4384073543/handcrafted-sheesham-wood-coffee-table?click_key=50fa4812-7453-4fa4-a8b9-ff1de67683d0%3ALTdbaa903e3beb66a07625194fd54a043998d91f22&click_sum=9925a4be&ls=s&ga_order=most_relevant&ga_search_type=all&ga_view_type=gallery&ga_search_query=balinese+furniture&ref=sr_gallery-5-1&organic_search_click=1&pro=1&frs=1&content_source=50fa4812-7453-4fa4-a8b9-ff1de67683d0%253ALTdbaa903e3beb66a07625194fd54a043998d91f22"
,"265","5","Balinese Golden Lotus Panel architectural Relief Wood Carving Bali wall Art teal 24""","$149.00","2751","acadiaworldtraders2","4.93","2800",,"https://www.etsy.com/listing/1083969483/balinese-golden-lotus-panel?click_key=EuO3pVDOqHBKxGNbiBGjIUHm0J68%3ALT3fe689608f2306d69925f6a1b2442b7ce299a572&click_sum=3d1cb0bf&ls=a&ga_order=most_relevant&ga_search_type=all&ga_view_type=gallery&ga_search_query=balinese+decor&ref=sc_gallery-7-3&frs=1&sts=1"
,"0","7","Balinese Barong Folk Art Mask Handmade Wood Carved Spirit King","$135.00","30","RainyDayRevivalATL","5","30",,"https://www.etsy.com/listing/4477727432/balinese-barong-folk-art-mask-handmade?click_key=f1f4d58b-0838-40d7-8d83-80bedc127f75%3ALTfc3d615af6068e508ad2aef156281f4b4eaf607e&click_sum=fdb9d382&ls=s&ga_order=most_relevant&ga_search_type=all&ga_view_type=gallery&ga_search_query=balinese+product&ref=sr_gallery-7-2&organic_search_click=1&sts=1&content_source=f1f4d58b-0838-40d7-8d83-80bedc127f75%253ALTfc3d615af6068e508ad2aef156281f4b4eaf607e"
,"0","8","Framed Hand-Carved Balinese Mask – Original Artwork","$187.21","0","EthniqueChiqueStore",,"0",,"https://www.etsy.com/listing/4492419904/framed-hand-carved-balinese-mask?click_key=Euo_0HRnZGQTFDvL5t0pOrwerHc6%3ALTdf2edc31905c4fc2593aff6c57f5c343edaea0b8&click_sum=11762829&ls=a&ga_order=most_relevant&ga_search_type=all&ga_view_type=gallery&ga_search_query=balinese+mask&ref=sc_gallery-5-3"
,"291","11","Hand Carved Mango Wood Queen Bed Headboard: Distressed Floral Home Decor","Now$1,008.35+","6","GlobalArtCraftss","4.9","6",,"https://www.etsy.com/listing/1665287278/hand-carved-mango-wood-queen-bed?click_key=EuK3nmAdF_6gFddiO7_kzFNgbW5f%3ALT47e403f9a9c68602851d5a4f109403ac373633eb&click_sum=e09b1fbd&ls=a&ga_order=most_relevant&ga_search_type=all&ga_view_type=gallery&ga_search_query=balinese+furniture&ref=sc_gallery-5-4&pro=1&frs=1&cns=1"
,"48","9","Vintage Balinese Buddha Mask | Hand Carved Bali Folk Art Wall Sculpture | Peacock Crown","$159.00","2751","acadiaworldtraders2","4.93","2800",,"https://www.etsy.com/listing/1068553068/vintage-balinese-buddha-mask-hand-carved?click_key=Euo_0HRnZGQTFDvL5t0pOrwerHc6%3ALTd01996f4676b98b9d8a368fa13952db71d6c2758&click_sum=52d3409e&ls=a&ga_order=most_relevant&ga_search_type=all&ga_view_type=gallery&ga_search_query=balinese+mask&ref=sc_gallery-5-4&frs=1&sts=1"
,"0","8","Framed Hand-Carved Balinese Mask – Original Artwork","$187.21","0","EthniqueChiqueStore",,"0",,"https://www.etsy.com/listing/4492401888/framed-hand-carved-balinese-mask?click_key=EuO3pVDOqHBKxGNbiBGjIUHm0J68%3ALTad7e1caa437f99e67eab12b807889e2324f083a4&click_sum=3c3d897c&ls=a&ga_order=most_relevant&ga_search_type=all&ga_view_type=gallery&ga_search_query=balinese+decor&ref=sc_gallery-7-4"
,"17","14","Handmade Nephrite Jade D20","$700.00","17","BigFGems","5","17",,"https://www.etsy.com/listing/4388100442/handmade-nephrite-jade-d20?click_key=0198e728-e8bb-4c89-8f57-6d66033d9d9c%3ALT9b74e799705c40c32df200ff0c721e6854a4fe6c&click_sum=9a23a6dd&ls=s&ga_order=most_relevant&ga_search_type=all&ga_view_type=gallery&ga_search_query=balinese%2Bhandmade&ref=sr_gallery-10-1&organic_search_click=1&frs=1&content_source=0198e728-e8bb-4c89-8f57-6d66033d9d9c%253ALT9b74e799705c40c32df200ff0c721e6854a4fe6c"
,"0","10","Handmade Skateboard","$120.00","0","PhinsSkateboards",,"0",,"https://www.etsy.com/listing/1027019956/handmade-skateboard?click_key=0198e728-e8bb-4c89-8f57-6d66033d9d9c%3ALT79ba39543e6fef06eb5c1172bbbde3c6f217e227&click_sum=643e3154&ls=s&ga_order=most_relevant&ga_search_type=all&ga_view_type=gallery&ga_search_query=balinese%2Bhandmade&ref=sr_gallery-10-2&organic_search_click=1&frs=1&content_source=0198e728-e8bb-4c89-8f57-6d66033d9d9c%253ALT79ba39543e6fef06eb5c1172bbbde3c6f217e227"
,"8","7","Hand-Painted Balinese Mask, Calonarang Dance, Teak Wood Wall Decor","$352.00","30","SuwetaArtShop","4.85","30",,"https://www.etsy.com/listing/1334661317/hand-painted-balinese-mask-calonarang?click_key=89caf1dc-c4d9-470d-b5fb-2357249f3c25%3ALTcd139c7e8ce013e652a1cd78e0b3d792849131c0&click_sum=017803b8&ls=s&ga_order=most_relevant&ga_search_type=all&ga_view_type=gallery&ga_search_query=balinese+mask&ref=sr_gallery-5-1&organic_search_click=1&local_signal_search=1&content_source=89caf1dc-c4d9-470d-b5fb-2357249f3c25%253ALTcd139c7e8ce013e652a1cd78e0b3d792849131c0"
,"11","6","Natural Wood Carved Cabinet | 80×36×90.5 cm Rustic Storage Cabinet | Vintage Two-Tone Wood Drawer Cabinet | Carved Door Sideboard","Now$805.00","3","woodcraftsdisp","3.59","3",,"https://www.etsy.com/listing/4418813558/natural-wood-carved-cabinet-o-8036905-cm?click_key=5d9c0fd5-1008-43c8-855d-18676e6485c8%3ALT539ef27a107f58ebdbaf943db3ee20a2916a39ba&click_sum=ba0a3633&ls=s&ga_order=most_relevant&ga_search_type=all&ga_view_type=gallery&ga_search_query=balinese+furniture&ref=sr_gallery-7-1&organic_search_click=1&pro=1&frs=1&cns=1&content_source=5d9c0fd5-1008-43c8-855d-18676e6485c8%253ALT539ef27a107f58ebdbaf943db3ee20a2916a39ba"
,"6","9","Rustic Reclaimed Wood Open Shelf Nightstand Side Table","$450.00","56","GadoGadoFurniture","4.98","56",,"https://www.etsy.com/listing/835639224/rustic-reclaimed-wood-open-shelf?click_key=EuBD7y6yac1dXejlRwcPI5v8F9e7%3ALT8bb2d773e9bbf88ca587467af01e3182ca4e587b&click_sum=dfea5c41&ls=a&ga_order=most_relevant&ga_search_type=all&ga_view_type=gallery&ga_search_query=balinese+furniture&ref=sc_gallery-7-3"
,"291","11","Hand Carved Mango Wood Queen Bed Headboard: Distressed Floral Home Decor","Now$1,008.35+","6","GlobalArtCraftss","4.9","6",,"https://www.etsy.com/listing/1665287278/hand-carved-mango-wood-queen-bed?click_key=Eub1D9l7G7K9wcI3i0Vc0YEXOh63%3ALTab18524d04dce6c2b1464f2277526d0c531e0056&click_sum=2d0e06e6&ls=a&ga_order=most_relevant&ga_search_type=all&ga_view_type=gallery&ga_search_query=balinese+furniture&ref=sc_gallery-6-4&pro=1&frs=1&cns=1"
,"224","10","Balinese Three Eyed Demon Mask - Horned Leyak Monster, Carved Wood Bali Folk Art,","$98.00","2751","acadiaworldtraders2","4.93","2800",,"https://www.etsy.com/listing/1521253479/balinese-three-eyed-demon-mask-horned?click_key=EuBD7y6yac1dXejlRwcPI5v8F9e7%3ALT19f30270e223fee2de3ba6e7fe78a443306c990b&click_sum=5a0ecf5c&ls=a&ga_order=most_relevant&ga_search_type=all&ga_view_type=gallery&ga_search_query=balinese+furniture&ref=sc_gallery-7-2&frs=1&sca=1&sts=1"
,"2","9","Lebber vintage® - Balinese lady carved from Coromandel wood, Bali Indonesia 1960","$302.14","950","Lebbervintage","4.87","950",,"https://www.etsy.com/listing/1688712715/lebber-vintage-balinese-lady-carved-from?click_key=f1f4d58b-0838-40d7-8d83-80bedc127f75%3ALT9f2cb8b679817edb59cd4d9eb5752e9096d57ec2&click_sum=a6d32249&ls=s&ga_order=most_relevant&ga_search_type=all&ga_view_type=gallery&ga_search_query=balinese+product&ref=sr_gallery-7-1&organic_search_click=1&pro=1&sts=1&content_source=f1f4d58b-0838-40d7-8d83-80bedc127f75%253ALT9f2cb8b679817edb59cd4d9eb5752e9096d57ec2"
,"49","7","Beautiful Large Vintage Tenganan Balinese Basket with Lid","$495.00","23","ClassicHomeFinds","4.74","23",,"https://www.etsy.com/listing/644058320/beautiful-large-vintage-tenganan?click_key=21b60a04-47f5-43b9-9590-28ce89281503%3ALT43e44647290c8f4ab9a0f34d10ad99be4325e49f&click_sum=508a8a1d&ls=s&ga_order=most_relevant&ga_search_type=all&ga_view_type=gallery&ga_search_query=balinese+furniture&ref=sr_gallery-6-2&organic_search_click=1&content_source=21b60a04-47f5-43b9-9590-28ce89281503%253ALT43e44647290c8f4ab9a0f34d10ad99be4325e49f"
,"1194","8","Large Balinese Lotus Wall Art, Brown Carved Wood Art 76” Boho King Bed Headboard, Teak Wood Wall Hanging, Home Decor Statement Art Panel","$531.00","210","SiamSawadeeDecor","4.78","210",,"https://www.etsy.com/listing/1828073153/large-balinese-lotus-wall-art-brown?click_key=Eub1D9l7G7K9wcI3i0Vc0YEXOh63%3ALT6bbe7acc916ff6438bf3beaf82ed92898aaa7e56&click_sum=8f38f834&ls=a&ga_order=most_relevant&ga_search_type=all&ga_view_type=gallery&ga_search_query=balinese+furniture&ref=sc_gallery-6-2&pro=1&pop=1&sts=1"
,"169","10","Balinese Mermaid Goddess Wall art Panel Hand Carved Painted Wood Bali folk","$149.00","2751","acadiaworldtraders2","4.93","2800",,"https://www.etsy.com/listing/1065274874/balinese-mermaid-goddess-wall-art-panel?click_key=EuTtUQFAfgtE6ntdlacZh9kO8Te7%3ALT72c142e979435c73a304b522e13f818449d4f386&click_sum=dabb9aca&ls=a&ga_order=most_relevant&ga_search_type=all&ga_view_type=gallery&ga_search_query=balinese&ref=sc_gallery-8-1&frs=1&sts=1"
,"0","20","African Tribal Wood Mask Hand Carved Face Sculpture Fiber Beard Decor-G6386","Now$143.73","1641","spiritsspeaks","4.8","1600",,"https://www.etsy.com/listing/4487230166/african-tribal-wood-mask-hand-carved?click_key=EuGO-IRj0BHMhoJUGFyg-iXMj630%3ALT7b54dcc74ac8aeaee65861f80141b82bf3cc2a5f&click_sum=c974be9e&ls=a&ga_order=most_relevant&ga_search_type=all&ga_view_type=gallery&ga_search_query=balinese+mask&ref=sc_gallery-6-1&pro=1&frs=1&sts=1"
,"188","10","Hand Carved Horned Dragon Mask: Balinese Wood Carving, Wall Art Sculpture","$189.00","2751","acadiaworldtraders2","4.93","2800",,"https://www.etsy.com/listing/1301614091/hand-carved-horned-dragon-mask-balinese?click_key=EuGO-IRj0BHMhoJUGFyg-iXMj630%3ALT8b4c84b5cbddb94122c5291f69570bc823d5c9f5&click_sum=24822037&ls=a&ga_order=most_relevant&ga_search_type=all&ga_view_type=gallery&ga_search_query=balinese+mask&ref=sc_gallery-6-2&frs=1&cns=1&sts=1"
,"48","10","Balinese Dewi Tara Goddess Garden Statue, Hand Cast Stone Resin Volcanic Sand Garden Sculpture","$249.00","2751","acadiaworldtraders2","4.93","2800",,"https://www.etsy.com/listing/1299703679/balinese-dewi-tara-goddess-garden-statue?click_key=Eu2Bp3G44zX1mKNknHagRV84Uf2e%3ALT0d898831628f6a7077c2fdc9d112f73b99d17d6a&click_sum=021b1600&ls=a&ga_order=most_relevant&ga_search_type=all&ga_view_type=gallery&ga_search_query=balinese+art&ref=sc_gallery-6-1&frs=1&sts=1"
,"57","12","Hand Carved Wooden Garuda Vishnu Sculpture, Balinese Art, 29.5 inch","$449.99","161","ArasBali","4.91","161",,"https://www.etsy.com/listing/1241754467/hand-carved-wooden-garuda-vishnu?click_key=Eu2Bp3G44zX1mKNknHagRV84Uf2e%3ALT45055c7344192095f38fca0566e0236150ac88e2&click_sum=b603e59c&ls=a&ga_order=most_relevant&ga_search_type=all&ga_view_type=gallery&ga_search_query=balinese+art&ref=sc_gallery-6-2&pro=1&local_signal_search=1"
,"26","10","Dewi Sita Goddess Mask Ramayana Wall art carved wood Balinese Folk Art","$94.00","2751","acadiaworldtraders2","4.93","2800",,"https://www.etsy.com/listing/1279452704/dewi-sita-goddess-mask-ramayana-wall-art?click_key=b715a4e8-04ce-408f-a6e1-a8939924fd13%3ALT1c25c8f2868fa8af075b23097a1b59303cc303a3&click_sum=dca1f634&ls=s&ga_order=most_relevant&ga_search_type=all&ga_view_type=gallery&ga_search_query=balinese+art&ref=sr_gallery-6-1&organic_search_click=1&frs=1&sts=1&content_source=b715a4e8-04ce-408f-a6e1-a8939924fd13%253ALT1c25c8f2868fa8af075b23097a1b59303cc303a3"
,"2","10","Hand Carved Suar Wood Mermaid Sculpture: Balinese Art, Nautical Decor","$698.00","2751","acadiaworldtraders2","4.93","2800",,"https://www.etsy.com/listing/4347455078/hand-carved-suar-wood-mermaid-sculpture?click_key=EukJ6ESPiDEL2ymVGLlXMxIPfp73%3ALT6f4a23bedb850646e7e1560c3b662127b8221aa3&click_sum=82fa1e36&ls=a&ga_order=most_relevant&ga_search_type=all&ga_view_type=gallery&ga_search_query=balinese+decor&ref=sc_gallery-8-2&frs=1&sts=1"
,"28","20","Hand Carved Monkey Skull, Balinese Sculpture","$269.99","161","ArasBali","4.91","161",,"https://www.etsy.com/listing/1820809497/intricately-carved-monkey-skull-balinese?click_key=EukJ6ESPiDEL2ymVGLlXMxIPfp73%3ALT1e3cd3f2ccab33b871c9aafc40fdc87b22efdbb3&click_sum=089cf14e&ls=a&ga_order=most_relevant&ga_search_type=all&ga_view_type=gallery&ga_search_query=balinese+decor&ref=sc_gallery-8-1&pro=1&cns=1&local_signal_search=1"
,"0","14","Indonesian Hand Carved Wood Figures 3"" Miniatures Tribal Gamelan Band Balinese 10 Pc Set Ceremonial Detailed Musician Figurines Wood Carving","$94.99","146","TheLilacLizard","4.86","146",,"https://www.etsy.com/listing/4403644106/indonesian-hand-carved-wood-figures-3?click_key=012cf0a9-b309-4e5c-8c18-d867653a140c%3ALT654cf0d21de414c17433874ec169aa32331ce0cd&click_sum=1689a763&ls=s&ga_order=most_relevant&ga_search_type=all&ga_view_type=gallery&ga_search_query=balinese+decor&ref=sr_gallery-8-1&organic_search_click=1&sts=1&content_source=012cf0a9-b309-4e5c-8c18-d867653a140c%253ALT654cf0d21de414c17433874ec169aa32331ce0cd"
,"243","9","Hand Carved Winged Cat Mermaid Mobile: Balinese Wood Carving","$69.00","2751","acadiaworldtraders2","4.93","2800",,"https://www.etsy.com/listing/4347023751/hand-carved-winged-cat-mermaid-mobile?click_key=EuAzvkt_W4msKGHkBdSsm71dnPc8%3ALT5043ecf2e34e42001453f73c0ecafca62d6bd7b9&click_sum=485c4ddc&ls=a&ga_order=most_relevant&ga_search_type=all&ga_view_type=gallery&ga_search_query=balinese+product&ref=sc_gallery-8-1&frs=1&sca=1&sts=1"
,"0","7","Vintage Balinese Hand-Carved Wood Busts – Male & Female Couple, Mahogany Finish, Indonesia 1950s–70s","$63.25","43","AntykAllure","4.84","43",,"https://www.etsy.com/listing/4402094472/vintage-balinese-hand-carved-wood-busts?click_key=EuAzvkt_W4msKGHkBdSsm71dnPc8%3ALT50c5d2c5183d280a5552256ca3650768657510b1&click_sum=4a657bb0&ls=a&ga_order=most_relevant&ga_search_type=all&ga_view_type=gallery&ga_search_query=balinese+product&ref=sc_gallery-8-2&sts=1"
,"0","14","Vintage Balinese Hand Carved Wood Panel Barong","$107.89","43","AntykAllure","4.84","43",,"https://www.etsy.com/listing/4491408148/vintage-balinese-hand-carved-wood-panel?click_key=e8ce7181-757c-479f-9b2c-4db177e80056%3ALT3f57d836c70eca72750d49f823097a2af2f21692&click_sum=9970f719&ls=s&ga_order=most_relevant&ga_search_type=all&ga_view_type=gallery&ga_search_query=balinese+product&ref=sr_gallery-8-1&organic_search_click=1&sts=1&content_source=e8ce7181-757c-479f-9b2c-4db177e80056%253ALT3f57d836c70eca72750d49f823097a2af2f21692"
,"34","6","Atlanticite Sterling Silver Ring: Chunky Balinese Artisan Crafted, US Size 8","$144.00","293","EnfleurageLilac","4.95","293",,"https://www.etsy.com/listing/1301589250/atlanticite-sterling-silver-ring-chunky?click_key=EuEHoeUpl58Rd64bmCr69uDPbs82%3ALT126b42e969c7c357df4dd5da170fbb2aca28bb9f&click_sum=4462d8ff&ls=a&ga_order=most_relevant&ga_search_type=all&ga_view_type=gallery&ga_search_query=balinese+jewelry&ref=sc_gallery-7-2&frs=1&sts=1"
,"1362","10","18K Gold Vermeil Rainbow Moonstone Necklace: Handmade Balinese Style Art Nouveau Pendant—EPIPHANY","$310.00+","876","BluemoonstoneJewel","4.98","876",,"https://www.etsy.com/listing/787860269/18k-gold-vermeil-rainbow-moonstone?click_key=EuEHoeUpl58Rd64bmCr69uDPbs82%3ALT9c6c232a3891d5e244f4a78af67b3bcfa09d461e&click_sum=d8ed13fd&ls=a&ga_order=most_relevant&ga_search_type=all&ga_view_type=gallery&ga_search_query=balinese+jewelry&ref=sc_gallery-7-1&frs=1&cns=1&sts=1"
,"19","10","Carved Bone Balinese Moon Copper Electroformed Ring Sizes 7.5 and 8 Bohemian Tribal Style","$52.00","139","OutlawCandy","4.99","139",,"https://www.etsy.com/listing/4330787917/carved-bone-balinese-moon-copper?click_key=ef978a03-c294-40d7-83ea-a9a9d46aa37a%3ALTc9f4aef4ad7820d4f6d32b9a72c35aa322bc9c12&click_sum=f35702b4&ls=s&ga_order=most_relevant&ga_search_type=all&ga_view_type=gallery&ga_search_query=balinese+jewelry&ref=sr_gallery-7-1&organic_search_click=1&frs=1&sca=1&content_source=ef978a03-c294-40d7-83ea-a9a9d46aa37a%253ALTc9f4aef4ad7820d4f6d32b9a72c35aa322bc9c12"
,"9","12","Queen Size Carved Mango Wood Bed Frame: Distressed Home Decor","Now$2,393.84+","6","GlobalArtCraftss","4.9","6",,"https://www.etsy.com/listing/1769315435/queen-size-carved-mango-wood-bed-frame?click_key=EumE2pGzSZHXlSnauZAYXAuBdwe7%3ALT3aa6a9ecf9e3c80384392a379cd74310220cd178&click_sum=48217dee&ls=a&ga_order=most_relevant&ga_search_type=all&ga_view_type=gallery&ga_search_query=balinese+furniture&ref=sc_gallery-8-1&pro=1&frs=1"
,"311","10","Hand Carved Wood Balinese Flying Bat Mobile:  Spirit Chaser (20 inch)","$98.00","2751","acadiaworldtraders2","4.93","2800",,"https://www.etsy.com/listing/1762217198/hand-carved-wood-balinese-flying-bat?click_key=EumE2pGzSZHXlSnauZAYXAuBdwe7%3ALT11f980ee2317344dff3437c115e6e6a2d6bd1630&click_sum=caa5e8ee&ls=a&ga_order=most_relevant&ga_search_type=all&ga_view_type=gallery&ga_search_query=balinese+furniture&ref=sc_gallery-8-2&frs=1&cns=1&sts=1"
,"19","10","Midecentury Bali Indonesia Carved Wooden Male and Female Faces","$100.00","367","PoliHistArt","4.97","367",,"https://www.etsy.com/listing/1749003280/midecentury-bali-indonesia-carved-wooden?click_key=064ec620-c6b1-44a0-b066-35555217c1aa%3ALT9fa81b994ae0c8697ec75c60271560f6eb35eca5&click_sum=b98f0caf&ls=s&ga_order=most_relevant&ga_search_type=all&ga_view_type=gallery&ga_search_query=balinese+furniture&ref=sr_gallery-8-1&organic_search_click=1&frs=1&sts=1&content_source=064ec620-c6b1-44a0-b066-35555217c1aa%253ALT9fa81b994ae0c8697ec75c60271560f6eb35eca5"
,"23","6","Floral Carved Accent Cabinet, Hand-Finished 4-Door Sideboard Buffet, Embossed Wood Credenza","$1,169.99","9","blowgain","4.27","9",,"https://www.etsy.com/listing/4455048258/47-floral-carved-accent-cabinet-hand?click_key=064ec620-c6b1-44a0-b066-35555217c1aa%3ALT9845a760370150e8959c2c232ce82a72c72a8dbc&click_sum=6e3f8283&ls=s&ga_order=most_relevant&ga_search_type=all&ga_view_type=gallery&ga_search_query=balinese+furniture&ref=sr_gallery-8-2&organic_search_click=1&pro=1&frs=1&content_source=064ec620-c6b1-44a0-b066-35555217c1aa%253ALT9845a760370150e8959c2c232ce82a72c72a8dbc"
,"11","10","Handmade, Carved Mid Century Style Floral Queen Headboard ! Distressed Antique Natural Finish","Now$1,160.34+","6","GlobalArtCraftss","4.9","6",,"https://www.etsy.com/listing/4380935219/handmade-carved-mid-century-style-floral?click_key=EumE2pGzSZHXlSnauZAYXAuBdwe7%3ALTb31581b12731ab5626aa63f783bb2970d0d4a57f&click_sum=79916261&ls=a&ga_order=most_relevant&ga_search_type=all&ga_view_type=gallery&ga_search_query=balinese+furniture&ref=sc_gallery-8-3&pro=1&frs=1"
,"10","11","Hand made carved  wooden room divider, partition 4 panel! Distressed Antique Brown finish","Now$638.27+","6","GlobalArtCraftss","4.9","6",,"https://www.etsy.com/listing/4401592212/hand-made-carved-wooden-room-divider?click_key=EumE2pGzSZHXlSnauZAYXAuBdwe7%3ALT0d74ec937f12f37418cf99beb2e22c8bfc66bd87&click_sum=73ee3da3&ls=a&ga_order=most_relevant&ga_search_type=all&ga_view_type=gallery&ga_search_query=balinese+furniture&ref=sc_gallery-8-4&pro=1&frs=1"
,"0","11","Wooden Carving Sculpture Vintage MCM Minimalist SE Asian style Balinese","$60.00","0","FlipFloridaFinds",,"0",,"https://www.etsy.com/listing/4485191962/wooden-carving-sculpture-vintage-mcm?click_key=e8ce7181-757c-479f-9b2c-4db177e80056%3ALTc0ba95052b72de44ba464e164d36531cd58bebae&click_sum=1fca9c0e&ls=s&ga_order=most_relevant&ga_search_type=all&ga_view_type=gallery&ga_search_query=balinese+product&ref=sr_gallery-8-2&organic_search_click=1&content_source=e8ce7181-757c-479f-9b2c-4db177e80056%253ALTc0ba95052b72de44ba464e164d36531cd58bebae"
,"7","5","Balinese Honey Incense, Satwika Sadya Ganesh Incense Sticks from Ubud Bali, Handmade Balinese Incense for Everyday Use, Ubud Bali Indonesia","Now$8.00","5202","EverestTrader","4.89","5200",,"https://www.etsy.com/listing/1881632601/balinese-honey-incense-satwika-sadya?click_key=EuAzvkt_W4msKGHkBdSsm71dnPc8%3ALT9295044a091257c6749575763e6ab4bd67c1f7fe&click_sum=e125f95f&ls=a&ga_order=most_relevant&ga_search_type=all&ga_view_type=gallery&ga_search_query=balinese+product&ref=sc_gallery-8-3&pro=1&sts=1"
,"53","12","Handmade Cempaka Wood Elephant Herd Wall Art, Balinese Carving Decor (25 inch)","$539.10","161","ArasBali","4.91","161",,"https://www.etsy.com/listing/1189892232/wooden-elephant-wall-decor-25-inch?click_key=EuRejZf6Z8keEwdu69M5OG_k4f42%3ALT7f8d00cae6a89051f19fad8d9c85291260749c94&click_sum=2b518dd0&ls=a&ga_order=most_relevant&ga_search_type=all&ga_view_type=gallery&ga_search_query=balinese+art&ref=sc_gallery-7-1&pro=1&local_signal_search=1"
,"11","10","Cempaka Wood Boma Mask, Balinese Wall Decor","$152.99","161","ArasBali","4.91","161",,"https://www.etsy.com/listing/1389544762/cempaka-wood-barong-mask-balinese-wall?click_key=EuGO-IRj0BHMhoJUGFyg-iXMj630%3ALTcadb65a0f63d0e4c55e59dd78109a873f7aaf2ab&click_sum=4bc0c7c3&ls=a&ga_order=most_relevant&ga_search_type=all&ga_view_type=gallery&ga_search_query=balinese+mask&ref=sc_gallery-6-3&pro=1&local_signal_search=1"
,"0","8","Framed Hand-Carved Balinese Mask – Original Artwork","$187.21","0","EthniqueChiqueStore",,"0",,"https://www.etsy.com/listing/4492419904/framed-hand-carved-balinese-mask?click_key=EuRejZf6Z8keEwdu69M5OG_k4f42%3ALT67dd7a767e4f815d0dec8f54d9b9c6ef5a00e716&click_sum=ea5da77e&ls=a&ga_order=most_relevant&ga_search_type=all&ga_view_type=gallery&ga_search_query=balinese+art&ref=sc_gallery-7-2"
,"24","5","Balinese Lantern 24"" w/ Coconut Husk Roof & Carved Siding | #tks03","$227.88","844","tikimaster","4.91","844",,"https://www.etsy.com/listing/1101507716/balinese-lantern-24-w-coconut-husk-roof?click_key=b310dbd3-489a-4ed8-8e44-005b9f333a71%3ALT57ab838619a681422061f35492c5571a1dfb3fa6&click_sum=ba44891a&ls=s&ga_order=most_relevant&ga_search_type=all&ga_view_type=gallery&ga_search_query=balinese+art&ref=sr_gallery-7-1&organic_search_click=1&frs=1&content_source=b310dbd3-489a-4ed8-8e44-005b9f333a71%253ALT57ab838619a681422061f35492c5571a1dfb3fa6"
,"6","8","BALI Painting 1979 BATUAN 12 A.B. P. Romi Oil Painting on Canvas Vtg Collectible Bali Painting","$89.99","208","joansfinds","4.85","208",,"https://www.etsy.com/listing/1643356591/bali-painting-1979-batuan-12-ab-p-romi?click_key=b310dbd3-489a-4ed8-8e44-005b9f333a71%3ALTecebcf1cb40c4d0b508f0e0e61166518a2c91793&click_sum=7e976ef0&ls=s&ga_order=most_relevant&ga_search_type=all&ga_view_type=gallery&ga_search_query=balinese+art&ref=sr_gallery-7-2&organic_search_click=1&content_source=b310dbd3-489a-4ed8-8e44-005b9f333a71%253ALTecebcf1cb40c4d0b508f0e0e61166518a2c91793"
,"0","10","Vintage Black Onyx Inlay Silver Ring - Size 10","$70.00","5011","Working925Jewelry","4.95","5000",,"https://www.etsy.com/listing/4485323207/vintage-black-onyx-inlay-silver-ring?click_key=EuRejZf6Z8keEwdu69M5OG_k4f42%3ALT7006702ae76e9ace3a299ccc728b562ae4d73693&click_sum=e6a81495&ls=a&ga_order=most_relevant&ga_search_type=all&ga_view_type=gallery&ga_search_query=balinese+art&ref=sc_gallery-7-3&frs=1&sts=1"
,"35","10","Handmade Ruby Sterling Silver Earrings, Balinese Jewelry","Now$63.75","63","SanSanJewelryID","4.88","63",,"https://www.etsy.com/listing/1100213691/ruby-gemstone-earrings-minimalist-gifts?click_key=EuEHoeUpl58Rd64bmCr69uDPbs82%3ALTbba8eb742651e8221f8ed23ca123abc8cceefb4b&click_sum=72e71e2c&ls=a&ga_order=most_relevant&ga_search_type=all&ga_view_type=gallery&ga_search_query=balinese+jewelry&ref=sc_gallery-7-4&pro=1&local_signal_search=1"
,"16","6","Vintage Indonesian Batik  Hand Drawn and Hand Painted Batik of Shiva and Attendants Deep Indigo Color  Very Large Wall Hanging","$125.00","229","Farouteast","4.91","229",,"https://www.etsy.com/listing/848771454/vintage-indonesian-batik-hand-drawn-and?click_key=EuRejZf6Z8keEwdu69M5OG_k4f42%3ALT03ee2884c7f2b4285550be87e80adfa55b089899&click_sum=e211ce60&ls=a&ga_order=most_relevant&ga_search_type=all&ga_view_type=gallery&ga_search_query=balinese+art&ref=sc_gallery-7-4&frs=1"
,"8","12","Handmade Carved Mango Wood Bed Frame: Distressed Antique White Wash Finish","Now$1,815.60+","6","GlobalArtCraftss","4.9","6",,"https://www.etsy.com/listing/4407037842/handmade-carved-mango-wood-bed-frame?click_key=EuBD7y6yac1dXejlRwcPI5v8F9e7%3ALT852421f0c0312ea8af6a8165590353a053ee47a6&click_sum=c4adca12&ls=a&ga_order=most_relevant&ga_search_type=all&ga_view_type=gallery&ga_search_query=balinese+furniture&ref=sc_gallery-7-1&pro=1&frs=1"
,"0","13","Traditional Balinese Girl 20th Century bali girl portrait Oil Painting, Indonesia, asian lady","$244.15","0","AnnaKlaraDecorates",,"0",,"https://www.etsy.com/listing/4383509533/traditional-balinese-girl-20th-century?click_key=b715a4e8-04ce-408f-a6e1-a8939924fd13%3ALTf0208df9e8d30e31f7cef1e8ca35b077dcd48bae&click_sum=4d8f2a29&ls=s&ga_order=most_relevant&ga_search_type=all&ga_view_type=gallery&ga_search_query=balinese+art&ref=sr_gallery-6-2&organic_search_click=1&cns=1&content_source=b715a4e8-04ce-408f-a6e1-a8939924fd13%253ALTf0208df9e8d30e31f7cef1e8ca35b077dcd48bae"
,"3","3","Vintage Balinese Barong Hand-Carved Wooden Mask – Painted Wall Sculpture, 11”","$65.00","2","TeaDrunkard","5","2",,"https://www.etsy.com/listing/4456292168/vintage-balinese-barong-hand-carved?click_key=7d5517bd-38d1-4f45-a9e0-af4e2304b8e3%3ALT088560a2ba0d6ebf4991d59b15b658b763a6309f&click_sum=67cde1b5&ls=s&ga_order=most_relevant&ga_search_type=all&ga_view_type=gallery&ga_search_query=balinese+mask&ref=sr_gallery-6-1&organic_search_click=1&sts=1&content_source=7d5517bd-38d1-4f45-a9e0-af4e2304b8e3%253ALT088560a2ba0d6ebf4991d59b15b658b763a6309f"
,"2","12","Hand Carved Balinese Style Female Figure","$81.85","43","AntykAllure","4.84","43",,"https://www.etsy.com/listing/4442942064/hand-carved-balinese-style-female-figure?click_key=EukJ6ESPiDEL2ymVGLlXMxIPfp73%3ALTd3d5de6d82262d4a658a4afdc8c639d536557c98&click_sum=e01aeee7&ls=a&ga_order=most_relevant&ga_search_type=all&ga_view_type=gallery&ga_search_query=balinese+decor&ref=sc_gallery-8-4&sts=1"
,"0","8","Framed Hand-Carved Balinese Mask – Original Artwork","$187.21","0","EthniqueChiqueStore",,"0",,"https://www.etsy.com/listing/4492419904/framed-hand-carved-balinese-mask?click_key=Eu2Bp3G44zX1mKNknHagRV84Uf2e%3ALT5e8011a0db48569c862ebd2a51664879611e4e03&click_sum=83285ca4&ls=a&ga_order=most_relevant&ga_search_type=all&ga_view_type=gallery&ga_search_query=balinese+art&ref=sc_gallery-6-3"
,"2","15","Handmade Multigemstone Cuff Bracelet: .925 Sterling Silver Bali Artisan Jewelry","$680.00","95","AHJewelryDesigner","4.76","95",,"https://www.etsy.com/listing/4456889340/artisans-handmade-multigemstone-cuff?click_key=EuEHoeUpl58Rd64bmCr69uDPbs82%3ALT08518e137a23cf56f6175f5fed0ad43db80026f9&click_sum=872eaac7&ls=a&ga_order=most_relevant&ga_search_type=all&ga_view_type=gallery&ga_search_query=balinese+jewelry&ref=sc_gallery-7-3&frs=1"
,"105","10","Hand Carved Dewi Sri Goddess Wood Spiritchaser Hanging Mobile: Balinese  Folkart wood carving","$69.00","2751","acadiaworldtraders2","4.93","2800",,"https://www.etsy.com/listing/1535557167/hand-carved-dewi-sri-goddess-wood?click_key=Eu1Y-iuudu0tRuyp8rcLSPMWnQ36%3ALTc6d25d04e387d55bb34e8c6c2d8267c754092f60&click_sum=d0ddec06&ls=a&ga_order=most_relevant&ga_search_type=all&ga_view_type=gallery&ga_search_query=balinese+product&ref=sc_gallery-7-2&frs=1&sts=1"
,"11","9","Luminous Amethyst Cabochon Pendant: Balinese Sterling Silver Bezel","$144.00","293","EnfleurageLilac","4.95","293",,"https://www.etsy.com/listing/1270596462/luminous-amethyst-cabochon-pendant?click_key=EuTtUQFAfgtE6ntdlacZh9kO8Te7%3ALT2eaef2268335bfe641c6dd683c33cf3bd211ff90&click_sum=a1b3c7c3&ls=a&ga_order=most_relevant&ga_search_type=all&ga_view_type=gallery&ga_search_query=balinese&ref=sc_gallery-8-3&frs=1&sts=1"
,"5","11","Vintage Hand Carved Hardwood Balinese Female Bust Sculpture, Austronesian Folk Art 11.9”/30.2cm (N4326)","Now$116.91","527","TheOldcrafts","4.93","527",,"https://www.etsy.com/listing/4408546473/vintage-hand-carved-hardwood-balinese?click_key=Eu2Bp3G44zX1mKNknHagRV84Uf2e%3ALT1761a0c7d0c81658eae6e80d7d7bb1a561fe77e9&click_sum=b9f5b2cd&ls=a&ga_order=most_relevant&ga_search_type=all&ga_view_type=gallery&ga_search_query=balinese+art&ref=sc_gallery-6-4&pro=1&sts=1"
,"32","10","Balinese beaded cuff bracelet with wood and pearls, ethnic cuff, boho jewelry, beige bracelet","$67.14","411","MaisonSabaCreation","4.94","411",,"https://www.etsy.com/listing/1722904408/wooden-and-bali-pearl-cuff-bracelet?click_key=ef978a03-c294-40d7-83ea-a9a9d46aa37a%3ALT31a5f66a679a0f7d3b5a8ba3065ed7a0eade0b81&click_sum=c1f2d246&ls=s&ga_order=most_relevant&ga_search_type=all&ga_view_type=gallery&ga_search_query=balinese+jewelry&ref=sr_gallery-7-2&organic_search_click=1&frs=1&sts=1&content_source=ef978a03-c294-40d7-83ea-a9a9d46aa37a%253ALT31a5f66a679a0f7d3b5a8ba3065ed7a0eade0b81"
,"0","3","Vintage Rangda Balinese Indonsian Mask","$75.00","5","GrandmasSecondChance","5","5",,"https://www.etsy.com/listing/4489981061/vintage-rangda-balinese-indonsian-mask?click_key=012cf0a9-b309-4e5c-8c18-d867653a140c%3ALTffb00ca7bbeba8d820deef5e1afa4e972b37ef28&click_sum=c55f5d9d&ls=s&ga_order=most_relevant&ga_search_type=all&ga_view_type=gallery&ga_search_query=balinese+decor&ref=sr_gallery-8-2&organic_search_click=1&frs=1&sts=1&content_source=012cf0a9-b309-4e5c-8c18-d867653a140c%253ALTffb00ca7bbeba8d820deef5e1afa4e972b37ef28"
,"2","4","Handcrafted Balinese Woodcarving Dot Art Mask Traditional Indonesian Hand Carving","$45.00","490","MerryMarysArtifacts","4.85","490",,"https://www.etsy.com/listing/1846832791/handcrafted-balinese-woodcarving-dot-art?click_key=7d5517bd-38d1-4f45-a9e0-af4e2304b8e3%3ALT8084b3a2c039108d48103b5643bc4f10dc1bb17c&click_sum=c70e8c93&ls=s&ga_order=most_relevant&ga_search_type=all&ga_view_type=gallery&ga_search_query=balinese+mask&ref=sr_gallery-6-2&organic_search_click=1&content_source=7d5517bd-38d1-4f45-a9e0-af4e2304b8e3%253ALT8084b3a2c039108d48103b5643bc4f10dc1bb17c"
,"3","14","Vintage Carved Wood Figurine Balinese Woman Indonesian 21"" Tall","$98.00","511","TheCuriousSquirrels","4.93","511",,"https://www.etsy.com/listing/4420628535/vintage-carved-wood-figurine-balinese?click_key=4eafdc7f-9cba-48fd-897b-c3d0e1c688a9%3ALTf11603d202cf70e62919f378f8f090e0b254f4b0&click_sum=d48f9770&ls=s&ga_order=most_relevant&ga_search_type=all&ga_view_type=gallery&ga_search_query=balinese+product&ref=sr_gallery-9-1&organic_search_click=1&frs=1&sts=1&content_source=4eafdc7f-9cba-48fd-897b-c3d0e1c688a9%253ALTf11603d202cf70e62919f378f8f090e0b254f4b0"
,"291","11","Hand Carved Mango Wood Queen Bed Headboard: Distressed Floral Home Decor","Now$1,008.35+","6","GlobalArtCraftss","4.9","6",,"https://www.etsy.com/listing/1665287278/hand-carved-mango-wood-queen-bed?click_key=EuBD7y6yac1dXejlRwcPI5v8F9e7%3ALTda8446423206cffa5b098c30d51d8858915fd2d1&click_sum=fd15a904&ls=a&ga_order=most_relevant&ga_search_type=all&ga_view_type=gallery&ga_search_query=balinese+furniture&ref=sc_gallery-7-4&pro=1&frs=1&cns=1"
,"5","10","Vintage Balinese Sono Wood Legong Dancer Sculpture: Hand Carved Bali Art Statue","$389.00","2751","acadiaworldtraders2","4.93","2800",,"https://www.etsy.com/listing/1311084332/vintage-balinese-sono-wood-legong-dancer?click_key=4eafdc7f-9cba-48fd-897b-c3d0e1c688a9%3ALTb3ee98d900e243f8d04bbeec7b32e8323a269271&click_sum=b0cb38c3&ls=s&ga_order=most_relevant&ga_search_type=all&ga_view_type=gallery&ga_search_query=balinese+product&ref=sr_gallery-9-2&organic_search_click=1&frs=1&sts=1&content_source=4eafdc7f-9cba-48fd-897b-c3d0e1c688a9%253ALTb3ee98d900e243f8d04bbeec7b32e8323a269271"
,"10","11","Vintage Chinese Corner Cabinet Chinoiserie Mother of Pearl applique Asian style","Now$906.50","236","AtMelrose","4.92","236",,"https://www.etsy.com/listing/4478870460/vintage-chinese-corner-cabinet?click_key=5d9c0fd5-1008-43c8-855d-18676e6485c8%3ALT64bad2e7c2522ff4404cd321890b67a9cd51f631&click_sum=f2dfac33&ls=s&ga_order=most_relevant&ga_search_type=all&ga_view_type=gallery&ga_search_query=balinese+furniture&ref=sr_gallery-7-2&organic_search_click=1&pro=1&frs=1&cns=1&sts=1&content_source=5d9c0fd5-1008-43c8-855d-18676e6485c8%253ALT64bad2e7c2522ff4404cd321890b67a9cd51f631"
,"0","2","Aura x Chitra Series Modern Bali Kebaya for Party and Graduation,Bali Kebaya,Balinese Dress,Kebaya Bali,Bali Blouse,Balinese Kebaya","$34.01","9","JitoArt","3.17","9",,"https://www.etsy.com/listing/4391769070/aura-x-chitra-series-modern-bali-kebaya?click_key=EuAzvkt_W4msKGHkBdSsm71dnPc8%3ALTa6984dc927736b7d1b6a45dbb00961f6ccd7ffb7&click_sum=4692ceff&ls=a&ga_order=most_relevant&ga_search_type=all&ga_view_type=gallery&ga_search_query=balinese+product&ref=sc_gallery-8-4&pro=1&local_signal_search=1"
,"0","1","Framed Hand-Carved Balinese Mask – Original Artwork","$210.13","0","EthniqueChiqueStore",,"0",,"https://www.etsy.com/listing/4492398958/framed-hand-carved-balinese-mask?click_key=EukJ6ESPiDEL2ymVGLlXMxIPfp73%3ALTce9ceb29a11f49e67f05ba78383cd57a4cfa14f4&click_sum=9a8cad7f&ls=a&ga_order=most_relevant&ga_search_type=all&ga_view_type=gallery&ga_search_query=balinese+decor&ref=sc_gallery-8-3"
,"2","10","Vintage Hand Carved Wooden Balinese Mask Wall Decor","$64.90","109","nicethingstime","4.82","109",,"https://www.etsy.com/listing/4475738843/vintage-hand-carved-wooden-balinese-mask?click_key=950ebee6-1d18-4fa5-8be2-cda335933d30%3ALT8e860754567bb9ccd0a0dd6ebb7bdc859c529a9f&click_sum=ff78f09c&ls=s&ga_order=most_relevant&ga_search_type=all&ga_view_type=gallery&ga_search_query=balinese&ref=sr_gallery-8-1&organic_search_click=1&frs=1&sts=1&content_source=950ebee6-1d18-4fa5-8be2-cda335933d30%253ALT8e860754567bb9ccd0a0dd6ebb7bdc859c529a9f"
,"0","1","Framed Hand-Carved Balinese Mask – Original Artwork","$210.13","0","EthniqueChiqueStore",,"0",,"https://www.etsy.com/listing/4492398958/framed-hand-carved-balinese-mask?click_key=EuGO-IRj0BHMhoJUGFyg-iXMj630%3ALT70864ff4ab3ae73e59927f1603d16eeb5185f603&click_sum=808aa71c&ls=a&ga_order=most_relevant&ga_search_type=all&ga_view_type=gallery&ga_search_query=balinese+mask&ref=sc_gallery-6-4"
,"52","17","Hand Carved Wooden Garuda Sculpture, Balinese Art, Red Gold Vishnu Decor, 23 inch","$242.99","161","ArasBali","4.91","161",,"https://www.etsy.com/listing/1227813884/unique-wooden-garuda-23-inch-sculpture?click_key=EuTtUQFAfgtE6ntdlacZh9kO8Te7%3ALTdf54d3b5b77da833043a3ff7f53ebd45ffad1cbb&click_sum=2d216688&ls=a&ga_order=most_relevant&ga_search_type=all&ga_view_type=gallery&ga_search_query=balinese&ref=sc_gallery-8-4&pro=1&local_signal_search=1"
,"2","12","Vintage 1980s Hand-Carved Suar Wood Buddha Relief - Vitarka Mudra, Balinese Art","$110.00","34","CurioandLore","4.88","34",,"https://www.etsy.com/listing/4444030172/vintage-1980s-hand-carved-suar-wood?click_key=950ebee6-1d18-4fa5-8be2-cda335933d30%3ALT554200aede583c8caaf229de052a940b6127aa28&click_sum=80db213d&ls=s&ga_order=most_relevant&ga_search_type=all&ga_view_type=gallery&ga_search_query=balinese&ref=sr_gallery-8-2&organic_search_click=1&frs=1&content_source=950ebee6-1d18-4fa5-8be2-cda335933d30%253ALT554200aede583c8caaf229de052a940b6127aa28"
,"742","8","Wallet Rattan Bag - Bali Bag - Women Straw Bag - Handwoven Shoulder Beach Bag - Boho Summer Purse - Bohemian Crossbody Bag - Gift For Her","Now$38.43","2853","BaliPleasure","4.68","2900",,"https://www.etsy.com/listing/625535641/wallet-rattan-bag-bali-bag-women-straw?click_key=9df78af2-92e1-4a1e-8c12-e3b768ea3936%3ALTf346f728018422558e046acb1d5a83dc4b759c03&click_sum=0295db63&ls=s&ga_order=most_relevant&ga_search_type=all&ga_view_type=gallery&ga_search_query=balinese%2Bhandmade&ref=sr_gallery-11-1&organic_search_click=1&pro=1&frs=1&content_source=9df78af2-92e1-4a1e-8c12-e3b768ea3936%253ALTf346f728018422558e046acb1d5a83dc4b759c03"
,"53","9","Flower Round Rattan Bag - Bali Bag - Women Straw Bag - Woven Shoulder Bag - Boho Summer Bag - Bohemian Crossbody Purse - Trendy Beach Bag","Now$38.43","2853","BaliPleasure","4.68","2900",,"https://www.etsy.com/listing/1621888902/flower-round-rattan-bag-bali-bag-women?click_key=9df78af2-92e1-4a1e-8c12-e3b768ea3936%3ALT7bdbc982e64c10f91bdee74941e80dfa2aa56fb7&click_sum=3231bd6e&ls=s&ga_order=most_relevant&ga_search_type=all&ga_view_type=gallery&ga_search_query=balinese%2Bhandmade&ref=sr_gallery-11-2&organic_search_click=1&pro=1&frs=1&content_source=9df78af2-92e1-4a1e-8c12-e3b768ea3936%253ALT7bdbc982e64c10f91bdee74941e80dfa2aa56fb7"
,"97","10","Chinese antique handmade carved redwood inlaid gemstone desk cabinet,exquisite craftsmanship,unique design,precious ornaments,collection","Now$131.60","1443","youerda","4.7","1400",,"https://www.etsy.com/listing/1732725571/chinese-antique-handmade-carved-redwood?click_key=77202124-905a-45a9-a574-6e4774db6582%3ALT08a4ccb472674e0192a319a43e28050881564083&click_sum=91e14ef9&ls=s&ga_order=most_relevant&ga_search_type=all&ga_view_type=gallery&ga_search_query=balinese+furniture&ref=sr_gallery-9-1&organic_search_click=1&pro=1&frs=1&etp=1&content_source=77202124-905a-45a9-a574-6e4774db6582%253ALT08a4ccb472674e0192a319a43e28050881564083"
,"8","10","Vintage 1960s Bali Hunter Wood Carving Figurine - Mid Century Wood Sculpture Figurine - Balinese Hunter Wood Carved Figurine - Sculpture","$124.99","2120","GlitteringDragonfly","4.92","2100",,"https://www.etsy.com/listing/1682136516/vintage-1960s-bali-hunter-wood-carving?click_key=77202124-905a-45a9-a574-6e4774db6582%3ALTf90b9936da50be30089601b832b465cc215901f8&click_sum=cf13c2de&ls=s&ga_order=most_relevant&ga_search_type=all&ga_view_type=gallery&ga_search_query=balinese+furniture&ref=sr_gallery-9-2&organic_search_click=1&cns=1&sts=1&content_source=77202124-905a-45a9-a574-6e4774db6582%253ALTf90b9936da50be30089601b832b465cc215901f8"
,"420","10","18K Gold Vermeil Rainbow Moonstone Crescent Moon Necklace: Handmade Balinese Style Celestial Necklace—SELENE","$330.00+","876","BluemoonstoneJewel","4.98","876",,"https://www.etsy.com/listing/1746590397/18k-gold-vermeil-rainbow-moonstone?click_key=EuTtUQFAfgtE6ntdlacZh9kO8Te7%3ALT0f0373ef7c61de197919d303c445e24069628307&click_sum=9238b43b&ls=a&ga_order=most_relevant&ga_search_type=all&ga_view_type=gallery&ga_search_query=balinese&ref=sc_gallery-8-2&frs=1&cns=1&sts=1"
,"14","9","BALI GODDESS CARVING, Hand Carved Goddess, Mythological Figurine, Asian Goddess","$59.40","745","33imports","4.81","745",,"https://www.etsy.com/listing/1647179316/bali-goddess-carving-hand-carved-goddess?click_key=EuP_4ay7mkw6utYnUMz_oV-RqLbe%3ALT480327a4cd1bf97d3e389d8f01eec1e81f559bd4&click_sum=5429481a&ls=a&ga_order=most_relevant&ga_search_type=all&ga_view_type=gallery&ga_search_query=balinese&ref=sc_gallery-9-1&frs=1"
,"1362","10","18K Gold Vermeil Rainbow Moonstone Necklace: Handmade Balinese Style Art Nouveau Pendant—EPIPHANY","$310.00+","876","BluemoonstoneJewel","4.98","876",,"https://www.etsy.com/listing/787860269/18k-gold-vermeil-rainbow-moonstone?click_key=EuP_4ay7mkw6utYnUMz_oV-RqLbe%3ALT8d17181821c939c285c96e47af3ced98cc350461&click_sum=02a5346c&ls=a&ga_order=most_relevant&ga_search_type=all&ga_view_type=gallery&ga_search_query=balinese&ref=sc_gallery-9-2&frs=1&cns=1&sts=1"
,"19","10","Vintage Carved Hardwood Balinese Man and Woman Busts Indonesian Janger Dancers","$24.00","54","TheVintageEuphorium","5","54",,"https://www.etsy.com/listing/1872745578/vintage-carved-hardwood-balinese-man-and?click_key=a684c4a5-0c6e-4fc9-ac8f-4447402fef59%3ALT7ca7962a57b99388a418101889d3c2d8fbda5dee&click_sum=2fdfd40c&ls=s&ga_order=most_relevant&ga_search_type=all&ga_view_type=gallery&ga_search_query=balinese&ref=sr_gallery-9-1&organic_search_click=1&cns=1&content_source=a684c4a5-0c6e-4fc9-ac8f-4447402fef59%253ALT7ca7962a57b99388a418101889d3c2d8fbda5dee"
,"5","17","Balinese Apsara Dancer Hand-Carved Wood Celestial Dancer Statue Indonesia 11.5 inches","$170.00","143","SunstarCollection","4.97","143",,"https://www.etsy.com/listing/4464681683/balinese-apsara-dancer-hand-carved-wood?click_key=a684c4a5-0c6e-4fc9-ac8f-4447402fef59%3ALTc0775d8dcd52877cea7b4b3d1b7fb5314dfcee57&click_sum=2fa2f9f9&ls=s&ga_order=most_relevant&ga_search_type=all&ga_view_type=gallery&ga_search_query=balinese&ref=sr_gallery-9-2&organic_search_click=1&content_source=a684c4a5-0c6e-4fc9-ac8f-4447402fef59%253ALTc0775d8dcd52877cea7b4b3d1b7fb5314dfcee57"
,"5","10","Faceted Amethyst Sterling Silver Earrings: Balinese Lace Cutwork","$258.00","293","EnfleurageLilac","4.95","293",,"https://www.etsy.com/listing/1874138409/faceted-amethyst-sterling-silver?click_key=EuP_4ay7mkw6utYnUMz_oV-RqLbe%3ALTe8e35c5d9a968932c211373d7d391b4f18d8baba&click_sum=114fae0f&ls=a&ga_order=most_relevant&ga_search_type=all&ga_view_type=gallery&ga_search_query=balinese&ref=sc_gallery-9-3&frs=1&sts=1"
,"0","10","Dan Tribal Bird Mask: Côte d’Ivoire Wood Wall Sculpture-G4612","$144.70","1641","spiritsspeaks","4.8","1600",,"https://www.etsy.com/listing/1847771334/dan-tribal-bird-mask-cote-divoire-wood?click_key=EuW_NOX0y2_gcLddfsJoe-Qx2hc4%3ALTc17a06f27728838e358d18beb7e42214dad3ef22&click_sum=b62443a6&ls=a&ga_order=most_relevant&ga_search_type=all&ga_view_type=gallery&ga_search_query=balinese+mask&ref=sc_gallery-7-1&pro=1&frs=1&sts=1"
,"0","9","Framed Hand-Carved Balinese Mask – Original Artwork","$187.21","0","EthniqueChiqueStore",,"0",,"https://www.etsy.com/listing/4492405703/framed-hand-carved-balinese-mask?click_key=EuW_NOX0y2_gcLddfsJoe-Qx2hc4%3ALT2c100ea15d55f313779e18a5abe261f66293f3e4&click_sum=cddedb8b&ls=a&ga_order=most_relevant&ga_search_type=all&ga_view_type=gallery&ga_search_query=balinese+mask&ref=sc_gallery-7-2"
,"28","20","Hand Carved Monkey Skull, Balinese Sculpture","$269.99","161","ArasBali","4.91","161",,"https://www.etsy.com/listing/1820809497/intricately-carved-monkey-skull-balinese?click_key=Eut74cPPuHHSbX4H_8ycCFlxlh06%3ALTf6ba847a1bed6f607be31f319125606dd51dfa72&click_sum=6a647b1b&ls=a&ga_order=most_relevant&ga_search_type=all&ga_view_type=gallery&ga_search_query=balinese+decor&ref=sc_gallery-9-1&pro=1&cns=1&local_signal_search=1"
,"34","6","Atlanticite Sterling Silver Ring: Chunky Balinese Artisan Crafted, US Size 8","$144.00","293","EnfleurageLilac","4.95","293",,"https://www.etsy.com/listing/1301589250/atlanticite-sterling-silver-ring-chunky?click_key=EurycHtxIZc3h4uGXiUjWqEqNl28%3ALTf6e9844ebc605054c7c2eb86c04c81ec250ec431&click_sum=fff9f68e&ls=a&ga_order=most_relevant&ga_search_type=all&ga_view_type=gallery&ga_search_query=balinese+jewelry&ref=sc_gallery-8-1&frs=1&sts=1"
,"68","10","Sterling Silver Rainbow Moonstone Pendant Necklace: Handmade Boho-Chic Gemstone Necklace—LILI","$350.00+","876","BluemoonstoneJewel","4.98","876",,"https://www.etsy.com/listing/4330826309/sterling-silver-rainbow-moonstone?click_key=EurycHtxIZc3h4uGXiUjWqEqNl28%3ALT2f635f849d80168d95df847d841e89f1dbe2ad51&click_sum=f43402db&ls=a&ga_order=most_relevant&ga_search_type=all&ga_view_type=gallery&ga_search_query=balinese+jewelry&ref=sc_gallery-8-2&frs=1&sts=1"
,"21","11","Sterling Silver Tribal Bali Bangles – Handcrafted Ornate Stacking Bracelet Set","$89.09","13","LisaOriginHub","4.58","13",,"https://www.etsy.com/listing/4368044420/sterling-silver-tribal-bali-bangles?click_key=79da8d15-4cfb-4b15-878e-5350962f8b5a%3ALT3033b5c873e112664f4ece7b41f75f81e099e2b1&click_sum=6e25df57&ls=s&ga_order=most_relevant&ga_search_type=all&ga_view_type=gallery&ga_search_query=balinese+jewelry&ref=sr_gallery-8-1&organic_search_click=1&frs=1&sca=1&content_source=79da8d15-4cfb-4b15-878e-5350962f8b5a%253ALT3033b5c873e112664f4ece7b41f75f81e099e2b1"
,"5","13","Jatayu Battle Ravana Wood Carving 19 inch, Ramayana Wall Art, Balinese Cempaka Wood Decor","$323.99","161","ArasBali","4.91","161",,"https://www.etsy.com/listing/1782162745/jatayu-battle-with-ravana-summer-decor?click_key=EuItT_3FZBKTT-WXELyO8wTva-03%3ALT9dfe539cf05995613c6d13a6f59728710c1822bc&click_sum=6cbca506&ls=a&ga_order=most_relevant&ga_search_type=all&ga_view_type=gallery&ga_search_query=balinese+art&ref=sc_gallery-8-1&pro=1&cns=1&local_signal_search=1"
,"5","10","FFD #103 | Lovely Red Coral Necklace Pendant Option With Silver Chain | Sterling Silver Red Coral Pendant | Balinese Inlay Red Coral Jewelry","$61.00+","959","AlbuquerqueTrader","4.86","959",,"https://www.etsy.com/listing/1897140231/ffd-103-lovely-red-coral-necklace?click_key=79da8d15-4cfb-4b15-878e-5350962f8b5a%3ALT28207e7908e7b2b2c8855bc9604f6f6dd17cdc0e&click_sum=6a3618c0&ls=s&ga_order=most_relevant&ga_search_type=all&ga_view_type=gallery&ga_search_query=balinese+jewelry&ref=sr_gallery-8-2&organic_search_click=1&frs=1&content_source=79da8d15-4cfb-4b15-878e-5350962f8b5a%253ALT28207e7908e7b2b2c8855bc9604f6f6dd17cdc0e"
,"0","10","Bali Barong Mask Travel Photography Canvas Print","$57.08+","0","EthniqueChiqueStore",,"0",,"https://www.etsy.com/listing/4463500453/bali-barong-mask-travel-photography?click_key=EuItT_3FZBKTT-WXELyO8wTva-03%3ALTe3e7e39133aab6faac669db8848902bb335c8f30&click_sum=581e7ec4&ls=a&ga_order=most_relevant&ga_search_type=all&ga_view_type=gallery&ga_search_query=balinese+art&ref=sc_gallery-8-2"
,"39","10","Framed Batik Tapestry Canvas Print: Vintage Balinese Textile Wall Art","$147.05+","442","ArtierCanvas","4.82","442",,"https://www.etsy.com/listing/1903039701/framed-batik-tapestry-canvas-print?click_key=5ef97f67-4dc3-4f47-b713-49e4d1d3bbc9%3ALT0c7b03fbb87d6310c0f4cf28c9a5c084e14086cb&click_sum=04db64cf&ls=s&ga_order=most_relevant&ga_search_type=all&ga_view_type=gallery&ga_search_query=balinese+art&ref=sr_gallery-8-1&organic_search_click=1&pro=1&frs=1&sts=1&content_source=5ef97f67-4dc3-4f47-b713-49e4d1d3bbc9%253ALT0c7b03fbb87d6310c0f4cf28c9a5c084e14086cb"
,"0","20","Large Antique Wooden Sculpture Bali Wood Indonesian Goddess Women Sculpture Old Wood Thai Mythical Goddess Balinese Krishna Southeast Asian","$250.00","1361","PalmBeachCollector","4.93","1400",,"https://www.etsy.com/listing/4483427074/large-antique-wooden-sculpture-bali-wood?click_key=5ef97f67-4dc3-4f47-b713-49e4d1d3bbc9%3ALT4a36ad50e3cf262c6dd24df013350f53a23221d9&click_sum=e53cd55f&ls=s&ga_order=most_relevant&ga_search_type=all&ga_view_type=gallery&ga_search_query=balinese+art&ref=sr_gallery-8-2&organic_search_click=1&content_source=5ef97f67-4dc3-4f47-b713-49e4d1d3bbc9%253ALT4a36ad50e3cf262c6dd24df013350f53a23221d9"
,"12","10","Black and White, Bali Print, Bali Wall Art, Bali Poster, Bali Photo, Bali Poster Print, Bali Wall Decor, Indonesia Poster Print, Asia","Now$26.39+","428","ColorTravel","4.86","428",,"https://www.etsy.com/listing/1722930819/black-and-white-bali-print-bali-wall-art?click_key=EuItT_3FZBKTT-WXELyO8wTva-03%3ALTa8391482d9429508fee57b054b6fb5b53bdef756&click_sum=11722c66&ls=a&ga_order=most_relevant&ga_search_type=all&ga_view_type=gallery&ga_search_query=balinese+art&ref=sc_gallery-8-3&pro=1&frs=1&sts=1"
,"7","10","Bali Indonesia Watercolor Print – Tropical Beach Wall Art, Bali Travel Poster, Coastal Paradise Painting, Travel Home Decor","$16.03+","832","TravelHouseDesign","4.65","832",,"https://www.etsy.com/listing/4398527610/bali-indonesia-watercolor-print-tropical?click_key=EuItT_3FZBKTT-WXELyO8wTva-03%3ALTd03735288ae08dafc4cf3f385cfcf2bee7338364&click_sum=d7aa3d40&ls=a&ga_order=most_relevant&ga_search_type=all&ga_view_type=gallery&ga_search_query=balinese+art&ref=sc_gallery-8-4&pro=1"
,"4","9","Balinese sculpture - Woman - Naked - 20th century - Bali - Indonesia - Indonesian art - Carved wood","$238.05","1462","LokkenAntiques","4.93","1500",,"https://www.etsy.com/listing/4310811594/balinese-sculpture-woman-naked-20th?click_key=def93f9e-28be-4e5d-a3f2-c2986da42243%3ALTf780e87f47032de6139d53731137364c83195939&click_sum=407bd62c&ls=s&ga_order=most_relevant&ga_search_type=all&ga_view_type=gallery&ga_search_query=balinese+product&ref=sr_gallery-10-1&organic_search_click=1&sts=1&content_source=def93f9e-28be-4e5d-a3f2-c2986da42243%253ALTf780e87f47032de6139d53731137364c83195939"
,"152","10","Hand Carved Barong Lion Mask: Balinese Folk Art Wall Decor","$89.00","2751","acadiaworldtraders2","4.93","2800",,"https://www.etsy.com/listing/1110283391/hand-carved-barong-lion-mask-balinese?click_key=def93f9e-28be-4e5d-a3f2-c2986da42243%3ALT381588e47d2c133bd5c8d038e3730c9e12ccc10a&click_sum=a48ab2b1&ls=s&ga_order=most_relevant&ga_search_type=all&ga_view_type=gallery&ga_search_query=balinese+product&ref=sr_gallery-10-2&organic_search_click=1&frs=1&cns=1&sts=1&content_source=def93f9e-28be-4e5d-a3f2-c2986da42243%253ALT381588e47d2c133bd5c8d038e3730c9e12ccc10a"
,"0","5","Handmade Genuine Leather Bag – Minimalist Design, Everyday & Special Occasion Use, Timeless Style.","$278.15","0","CronoCraft",,"0",,"https://www.etsy.com/listing/4424873395/handmade-genuine-leather-bag-minimalist?click_key=280cd486-3ba0-425d-bd42-c97837b942d3%3ALTf2beb96bb987677e56ca51382fe51802f7247f2c&click_sum=a5638e30&ls=s&ga_order=most_relevant&ga_search_type=all&ga_view_type=gallery&ga_search_query=balinese%2Bhandmade&ref=sr_gallery-12-1&organic_search_click=1&frs=1&content_source=280cd486-3ba0-425d-bd42-c97837b942d3%253ALTf2beb96bb987677e56ca51382fe51802f7247f2c"
,"17","5","Natural Red Coral Pendant with 925 Sterling Silver | Frog Design | Balinese Handmade Product","$64.95","127","LetungSilverStore","4.85","127",,"https://www.etsy.com/listing/1404377436/natural-red-coral-pendant-with-925?click_key=280cd486-3ba0-425d-bd42-c97837b942d3%3ALT3c7fb02b165bf03e5cf8af9350eaac666397ea1b&click_sum=2a5a6460&ls=s&ga_order=most_relevant&ga_search_type=all&ga_view_type=gallery&ga_search_query=balinese%2Bhandmade&ref=sr_gallery-12-2&organic_search_click=1&frs=1&local_signal_search=1&content_source=280cd486-3ba0-425d-bd42-c97837b942d3%253ALT3c7fb02b165bf03e5cf8af9350eaac666397ea1b"
,"8","7","African Turquoise & Pearl Bracelet: Bali Silver Accents","Now$76.50","159","LeslieTJewelry","4.98","159",,"https://www.etsy.com/listing/1514194663/african-turquoise-pearl-bracelet-bali?click_key=EurycHtxIZc3h4uGXiUjWqEqNl28%3ALT8caa6c8abced3c49dbb31a4e40c9362890c0863d&click_sum=efbf2274&ls=a&ga_order=most_relevant&ga_search_type=all&ga_view_type=gallery&ga_search_query=balinese+jewelry&ref=sc_gallery-8-4&pro=1"
,"32","10","Dewi Sri Goddess Spirit-chaser Mobile: Hand Carved Balinese Wood Wall Art","$69.00","2751","acadiaworldtraders2","4.93","2800",,"https://www.etsy.com/listing/1521356354/dewi-sri-goddess-spirit-chaser-mobile?click_key=a35edbc5-1b83-48ed-9db5-d7150d4b58e5%3ALT91b734bd62f8f41a160a90ef7af03764b8d8f16c&click_sum=65ab60e5&ls=s&ga_order=most_relevant&ga_search_type=all&ga_view_type=gallery&ga_search_query=balinese+furniture&ref=sr_gallery-10-1&organic_search_click=1&frs=1&sts=1&content_source=a35edbc5-1b83-48ed-9db5-d7150d4b58e5%253ALT91b734bd62f8f41a160a90ef7af03764b8d8f16c"
,"660","10","Balinese Lotus King Size Headboard 180cm Carved Wood Wall Panel | Mandala Floral Teak Wood Art | Bali Hand Carved Square Panel Boho Bedroom","$586.50","805","mythaihome","4.79","805",,"https://www.etsy.com/listing/630269164/balinese-lotus-king-size-headboard-180cm?click_key=a35edbc5-1b83-48ed-9db5-d7150d4b58e5%3ALTbddf714cfe7b77057894e35bb49091c03d2fdf43&click_sum=d6dd9824&ls=s&ga_order=most_relevant&ga_search_type=all&ga_view_type=gallery&ga_search_query=balinese+furniture&ref=sr_gallery-10-2&organic_search_click=1&pro=1&content_source=a35edbc5-1b83-48ed-9db5-d7150d4b58e5%253ALTbddf714cfe7b77057894e35bb49091c03d2fdf43"
,"0","19","Hand-carved Cempaka Wood Elephant Head Wall Sculpture, Balinese Art Decor","Now$314.10","161","ArasBali","4.91","161",,"https://www.etsy.com/listing/4490050195/hand-carved-cempaka-wood-elephant-head?click_key=EuhCNsjF-q0yECfPlAeTVj81I_47%3ALT4f1a6aca52eb59fc62f9bcb448184dfd2763f099&click_sum=fdecb0cb&ls=a&ga_order=most_relevant&ga_search_type=all&ga_view_type=gallery&ga_search_query=balinese+art&ref=sc_gallery-9-1&pro=1&local_signal_search=1"
,"0","8","Framed Hand-Carved Balinese Mask – Original Artwork","$187.21","0","EthniqueChiqueStore",,"0",,"https://www.etsy.com/listing/4492401888/framed-hand-carved-balinese-mask?click_key=EuhCNsjF-q0yECfPlAeTVj81I_47%3ALT460b59c7b826f5d0ebf7610f76b72fd305375719&click_sum=8bb48e4c&ls=a&ga_order=most_relevant&ga_search_type=all&ga_view_type=gallery&ga_search_query=balinese+art&ref=sc_gallery-9-2"
,"8","16","Authentic Vintage Kamasan Balinese Painting – Traditional Indonesian Wall Art, Hand Painted Cultural Decor A131","Now$224.25","9","AntiqueGallery39521","5","9",,"https://www.etsy.com/listing/4430518752/authentic-vintage-kamasan-balinese?click_key=efd36253-2312-477a-8e0f-dc97939345e8%3ALT6301f9d82c5f30c613b77a0edc57d88e41587b9a&click_sum=4fc31f69&ls=s&ga_order=most_relevant&ga_search_type=all&ga_view_type=gallery&ga_search_query=balinese+art&ref=sr_gallery-9-1&organic_search_click=1&pro=1&frs=1&content_source=efd36253-2312-477a-8e0f-dc97939345e8%253ALT6301f9d82c5f30c613b77a0edc57d88e41587b9a"
,"210","10","Balinese Mask Three Eyed Demon Rakshasa | Carved Bali Folk Art Mask | Wood Carving Red","$98.00","2751","acadiaworldtraders2","4.93","2800",,"https://www.etsy.com/listing/1599839224/balinese-mask-three-eyed-demon-rakshasa?click_key=efd36253-2312-477a-8e0f-dc97939345e8%3ALT3a3767600b84f68e61d8b2df8fd3059c93738c85&click_sum=6b4eab80&ls=s&ga_order=most_relevant&ga_search_type=all&ga_view_type=gallery&ga_search_query=balinese+art&ref=sr_gallery-9-2&organic_search_click=1&frs=1&sts=1&content_source=efd36253-2312-477a-8e0f-dc97939345e8%253ALT3a3767600b84f68e61d8b2df8fd3059c93738c85"
,"7","10","Ubud Travel Poster: Bali Rice Terraces and Monkey Forest Art","Now$10.38+","224","VoyagevignettesArt","4.86","224",,"https://www.etsy.com/listing/1827488089/ubud-city-print-ubud-travel-poster-bali?click_key=EuhCNsjF-q0yECfPlAeTVj81I_47%3ALT115f67b637f98451908ebe6ae32bf6f3006e7e36&click_sum=4996d75e&ls=a&ga_order=most_relevant&ga_search_type=all&ga_view_type=gallery&ga_search_query=balinese+art&ref=sc_gallery-9-3&pro=1&frs=1&sts=1"
,"3","12","Ubud Bali Canvas Print: Watercolor Rice Terraces Wall Art","Now$40.53+","804","TheWanderLifeStudio","4.91","804",,"https://www.etsy.com/listing/4403037035/ubud-bali-canvas-print-watercolor-rice?click_key=EuhCNsjF-q0yECfPlAeTVj81I_47%3ALTcba70a2798a52ff655a0373a645781b5c4098908&click_sum=31334ecc&ls=a&ga_order=most_relevant&ga_search_type=all&ga_view_type=gallery&ga_search_query=balinese+art&ref=sc_gallery-9-4&pro=1&frs=1&sts=1"
,"0","1","Framed Hand-Carved Balinese Mask – Original Artwork","$210.13","0","EthniqueChiqueStore",,"0",,"https://www.etsy.com/listing/4492398958/framed-hand-carved-balinese-mask?click_key=Eut74cPPuHHSbX4H_8ycCFlxlh06%3ALTc36d8b7b1658618e3b31e0b6886a4e85fad5ad24&click_sum=0e3b5fa2&ls=a&ga_order=most_relevant&ga_search_type=all&ga_view_type=gallery&ga_search_query=balinese+decor&ref=sc_gallery-9-2"
,"0","6","Canggu Indonesia Art Print Rice Fields Tropical Landscape","$14.64+","0","SundayPostery",,"0",,"https://www.etsy.com/listing/4492107653/canggu-indonesia-art-print-rice-fields?click_key=Eut74cPPuHHSbX4H_8ycCFlxlh06%3ALTd1e6f476a2e0448baa197fa9b4df37ea5aa7e5b8&click_sum=c6981257&ls=a&ga_order=most_relevant&ga_search_type=all&ga_view_type=gallery&ga_search_query=balinese+decor&ref=sc_gallery-9-3&frs=1"
,"19","6","Vintage Balinese Hand-Carved Wood Mirror - Art Nouveau Style - Floral Lotus Motif - Polychrome Wall Decor","$135.50","428","TrodelTony","4.96","428",,"https://www.etsy.com/listing/4473919318/vintage-balinese-hand-carved-wood-mirror?click_key=701d7ba8-4be0-4b6c-bbc3-af336586c1f1%3ALT286316f9e0a9e3343d98660df6f6cefdb454f969&click_sum=604943cd&ls=s&ga_order=most_relevant&ga_search_type=all&ga_view_type=gallery&ga_search_query=balinese+decor&ref=sr_gallery-9-2&organic_search_click=1&frs=1&content_source=701d7ba8-4be0-4b6c-bbc3-af336586c1f1%253ALT286316f9e0a9e3343d98660df6f6cefdb454f969"
,"9","10","Cempaka Wood Boma Mask, Balinese Wall Decor","$152.99","161","ArasBali","4.91","161",,"https://www.etsy.com/listing/1389532580/cempaka-wood-rangda-mask-balinese-wall?click_key=EuW_NOX0y2_gcLddfsJoe-Qx2hc4%3ALTd22aef980a85d05b18ad2a5d87fce8bb1fc1a6af&click_sum=3be5d196&ls=a&ga_order=most_relevant&ga_search_type=all&ga_view_type=gallery&ga_search_query=balinese+mask&ref=sc_gallery-7-3&pro=1&local_signal_search=1"
,"3","7","Balinese Cat Beach Travel Poster Hawaiian Ocean Wall Art Print Tropical Cat Lover Gift Home Decor Coastal Decor Vintage Style","Now$20.62+","16","UncleKoas","5","16",,"https://www.etsy.com/listing/4422620064/balinese-cat-beach-travel-poster?click_key=Eut74cPPuHHSbX4H_8ycCFlxlh06%3ALT8916eed35f62cff4588cc8fc7617193268c6b003&click_sum=15fe23e0&ls=a&ga_order=most_relevant&ga_search_type=all&ga_view_type=gallery&ga_search_query=balinese+decor&ref=sc_gallery-9-4&pro=1&frs=1"
,"208","8","Balinese Golden Lotus Panel architectural Relief Wood Carving Bali wall Art teal 39""","$279.00","2751","acadiaworldtraders2","4.93","2800",,"https://www.etsy.com/listing/1073734356/balinese-golden-lotus-panel?click_key=701d7ba8-4be0-4b6c-bbc3-af336586c1f1%3ALT9f60b8b1c9cd04cb2b2eaace9e73cb3f606318f8&click_sum=c4c918e4&ls=s&ga_order=most_relevant&ga_search_type=all&ga_view_type=gallery&ga_search_query=balinese+decor&ref=sr_gallery-9-1&organic_search_click=1&frs=1&sts=1&content_source=701d7ba8-4be0-4b6c-bbc3-af336586c1f1%253ALT9f60b8b1c9cd04cb2b2eaace9e73cb3f606318f8"
,"0","10","Bali Barong Mask Travel Photography Canvas Print","$57.08+","0","EthniqueChiqueStore",,"0",,"https://www.etsy.com/listing/4463500453/bali-barong-mask-travel-photography?click_key=EuP_4ay7mkw6utYnUMz_oV-RqLbe%3ALT6adf2397415b737f290939c3f2332950748dad3e&click_sum=8cf2d6a6&ls=a&ga_order=most_relevant&ga_search_type=all&ga_view_type=gallery&ga_search_query=balinese&ref=sc_gallery-9-4"
,"80","12","Natural Peridot Teardrop Earrings, Sterling Silver, Balinese Craftsmanship","Now$50.99","63","SanSanJewelryID","4.88","63",,"https://www.etsy.com/listing/1086242292/natural-peridot-earrings-gift-for-mom?click_key=EurycHtxIZc3h4uGXiUjWqEqNl28%3ALT8b116db46f9fd6bef900aa5fd3db9eddd0deb0c7&click_sum=981b34c2&ls=a&ga_order=most_relevant&ga_search_type=all&ga_view_type=gallery&ga_search_query=balinese+jewelry&ref=sc_gallery-8-3&pro=1&local_signal_search=1"
,"4","3","Balinese Barong Hand-Carved Wooden Mask","$50.00","2","TeaDrunkard","5","2",,"https://www.etsy.com/listing/4456329729/balinese-barong-hand-carved-wooden-mask?click_key=EuW_NOX0y2_gcLddfsJoe-Qx2hc4%3ALT81f4d33b891caf324c651b4c195a0dcd92aae0b2&click_sum=7e55f3e5&ls=a&ga_order=most_relevant&ga_search_type=all&ga_view_type=gallery&ga_search_query=balinese+mask&ref=sc_gallery-7-4&sts=1"
,"32","10","Hand Carved Balinese Offering Box: Polychrome Wood Folk Art, Stash Box","$249.00","2751","acadiaworldtraders2","4.93","2800",,"https://www.etsy.com/listing/1307325563/hand-carved-balinese-offering-box?click_key=b9e1a9f7-05cf-4f1f-ae76-a86c8349ca43%3ALT72a16f3aa96fb8df2083825b685f00f1480d05f8&click_sum=0039d02d&ls=s&ga_order=most_relevant&ga_search_type=all&ga_view_type=gallery&ga_search_query=balinese+furniture&ref=sr_gallery-11-2&organic_search_click=1&frs=1&sts=1&content_source=b9e1a9f7-05cf-4f1f-ae76-a86c8349ca43%253ALT72a16f3aa96fb8df2083825b685f00f1480d05f8"
,"43","10","Hand Carved Balinese Mandala Headboard: Gold Boho Wall Art","$1,225.00+","16","CraftedFashionsLtdCo","4.86","16",,"https://www.etsy.com/listing/1813461285/hand-carved-balinese-mandala-headboard?click_key=b9e1a9f7-05cf-4f1f-ae76-a86c8349ca43%3ALTb878d8a63ec2658744e30e300744fe3814f820d8&click_sum=7339819e&ls=s&ga_order=most_relevant&ga_search_type=all&ga_view_type=gallery&ga_search_query=balinese+furniture&ref=sr_gallery-11-1&organic_search_click=1&frs=1&content_source=b9e1a9f7-05cf-4f1f-ae76-a86c8349ca43%253ALTb878d8a63ec2658744e30e300744fe3814f820d8"
,"10","10","Hand Carved Teak Bali Barong Mask, Balinese Wall Decor (8x9x4)","$272.00","30","SuwetaArtShop","4.85","30",,"https://www.etsy.com/listing/1279427233/hand-carved-teak-bali-barong-mask?click_key=c3b988e2-c055-4a82-b90a-33530649421c%3ALT5404f8d6b9f9db9fe20cbc1d9a3091f634172a17&click_sum=588fcc6e&ls=s&ga_order=most_relevant&ga_search_type=all&ga_view_type=gallery&ga_search_query=balinese+mask&ref=sr_gallery-7-2&organic_search_click=1&local_signal_search=1&content_source=c3b988e2-c055-4a82-b90a-33530649421c%253ALT5404f8d6b9f9db9fe20cbc1d9a3091f634172a17"
,"0","7","35cm High Quality Wooden Raksasa Mask , Raksasa Mask , Balinese Mythology , Wooden Mask , Wall Decor , Home Decor , Birthday Gift","$389.00","15","SatyaArtStore","4.98","15",,"https://www.etsy.com/listing/4442483986/35cm-high-quality-wooden-raksasa-mask?click_key=c3b988e2-c055-4a82-b90a-33530649421c%3ALT06316fd697dd365e2e743af119e0031f26c0bf96&click_sum=c20d5eaa&ls=s&ga_order=most_relevant&ga_search_type=all&ga_view_type=gallery&ga_search_query=balinese+mask&ref=sr_gallery-7-1&organic_search_click=1&local_signal_search=1&content_source=c3b988e2-c055-4a82-b90a-33530649421c%253ALT06316fd697dd365e2e743af119e0031f26c0bf96"
,"2","10","Antique African Lega Mask: Handcrafted Tribal Art from Congo-8054","$145.80","1641","spiritsspeaks","4.8","1600",,"https://www.etsy.com/listing/1801940015/antique-african-lega-mask-handcrafted?click_key=EuyGQEifYhlz-Qr8KTXzzD706I97%3ALT834318c238f123fcd39c81ca61ba4b9b314aa019&click_sum=d11724c7&ls=a&ga_order=most_relevant&ga_search_type=all&ga_view_type=gallery&ga_search_query=balinese+mask&ref=sc_gallery-8-1&pro=1&frs=1&sts=1"
,"5","3","Thai Hand-Carved Wooden Buddha Mask – Traditional Buddhist Wall Art","$50.00","2","TeaDrunkard","5","2",,"https://www.etsy.com/listing/4456286333/thai-hand-carved-wooden-buddha-mask?click_key=EuyGQEifYhlz-Qr8KTXzzD706I97%3ALTd00ffd3385a2e7d468573f2b95737e94700aa46f&click_sum=af161ceb&ls=a&ga_order=most_relevant&ga_search_type=all&ga_view_type=gallery&ga_search_query=balinese+mask&ref=sc_gallery-8-2&cns=1&sts=1"
,"8","10","Dewi Sri Wooden Mask, Hand Carved Balinese Wall Art","$423.00","30","SuwetaArtShop","4.85","30",,"https://www.etsy.com/listing/1140021747/dewi-sri-wooden-mask-hand-carved?click_key=62026928-b4f7-492b-95be-387f93f48342%3ALTc3c54a95570059667a061992173d313e954e1f85&click_sum=12358fd9&ls=s&ga_order=most_relevant&ga_search_type=all&ga_view_type=gallery&ga_search_query=balinese+mask&ref=sr_gallery-8-1&organic_search_click=1&local_signal_search=1&content_source=62026928-b4f7-492b-95be-387f93f48342%253ALTc3c54a95570059667a061992173d313e954e1f85"
,"10","10","Balinese Dewi Goddess Carved Wood Mask: Hand Painted Bali Art Carving Wall Decor Art","$298.00","2751","acadiaworldtraders2","4.93","2800",,"https://www.etsy.com/listing/1529788851/balinese-dewi-goddess-carved-wood-mask?click_key=62026928-b4f7-492b-95be-387f93f48342%3ALTd32af6c903df7635cea1f3ac127d8bf67625a45a&click_sum=b50f00eb&ls=s&ga_order=most_relevant&ga_search_type=all&ga_view_type=gallery&ga_search_query=balinese+mask&ref=sr_gallery-8-2&organic_search_click=1&frs=1&sts=1&content_source=62026928-b4f7-492b-95be-387f93f48342%253ALTd32af6c903df7635cea1f3ac127d8bf67625a45a"
,"0","15","Antique wood carving Balinese hand-painted Barong mask","Now$205.04","77","PortholAntiek","4.74","77",,"https://www.etsy.com/listing/4426448534/antique-wood-carving-balinese-hand?click_key=EuyGQEifYhlz-Qr8KTXzzD706I97%3ALT435c8f58297ccd2c74de2c24ba81435d6c819d4e&click_sum=871c92fe&ls=a&ga_order=most_relevant&ga_search_type=all&ga_view_type=gallery&ga_search_query=balinese+mask&ref=sc_gallery-8-3&pro=1&frs=1"
,"19","10","Cempaka Wood Barong Mask, Balinese Wall Decor","$125.99","161","ArasBali","4.91","161",,"https://www.etsy.com/listing/1217251617/cempaka-wood-rangda-mask-balinese-wall?click_key=EuyGQEifYhlz-Qr8KTXzzD706I97%3ALTa43e05d25d1cb5a0fffa7c088328af8228c85e0c&click_sum=686c0024&ls=a&ga_order=most_relevant&ga_search_type=all&ga_view_type=gallery&ga_search_query=balinese+mask&ref=sc_gallery-8-4&pro=1&local_signal_search=1"
,"3","10","Hand Carved Wood Plate: Balinese Floral Centerpiece (13.5"")","$143.55","745","33imports","4.81","745",,"https://www.etsy.com/listing/1543194933/hand-carved-wood-plate-balinese-floral?click_key=Eul2C0rfCGwXiW5DQp2-T_u_CC9a%3ALTaed694e0293775b8719a7193b08944daef098076&click_sum=18a47fcf&ls=a&ga_order=most_relevant&ga_search_type=all&ga_view_type=gallery&ga_search_query=balinese&ref=sc_gallery-10-1&frs=1"
